26507	INHIBITOR	8945
26544	ANTAGONIST;INHIBITOR	40776
11583	POSITIVE ALLOSTERIC MODULATOR	9000
11958	ANTAGONIST	35828
11613	POSITIVE ALLOSTERIC MODULATOR	23784
11652	ANTAGONIST	44121
22226	ANTAGONIST	43047
26422	ANTAGONIST	43315
11899	INHIBITOR	32607
12005	INHIBITOR	36971
21962	INHIBITOR	34965
11633	INHIBITOR	2940
22227	INHIBITOR	9175
22385	AGONIST	36266
30116	ANTAGONIST	39007
22339	ANTAGONIST	8915
11760	ANTAGONIST	36216
11808	AGONIST	38523
26414	PARTIAL AGONIST	33686
30075	INHIBITOR	35049
11970	INHIBITOR	8761
30132	ANTAGONIST	8915
21919	INHIBITOR	40204
26538	INHIBITOR	42436
22235	ANTAGONIST	41542
22375	AGONIST	38701
22314	BLOCKER	26770
26418	INHIBITOR	38544
21969	INHIBITOR	38430
26209	INHIBITOR	8945
11970	INHIBITOR	28651
21850	ANTAGONIST	42076
22227	ANTAGONIST	34974
21857	ANTAGONIST	44121
21932	INHIBITOR	38176
21891	AGONIST	41910
11672	POSITIVE ALLOSTERIC MODULATOR	33319
22036	ANTAGONIST	42076
21949	INHIBITOR	42966
11940	AGONIST	40563
11981	ANTAGONIST	43806
22134	ANTAGONIST	33462
26746	INHIBITOR	32696
26217	INHIBITOR	38176
11970	INHIBITOR	42235
12008	POSITIVE ALLOSTERIC MODULATOR	39893
26513	POSITIVE ALLOSTERIC MODULATOR	36132
30167	ANTAGONIST	38093
30124	ANTAGONIST	43816
11819	ANTAGONIST	34974
26258	ANTAGONIST	35828
11808	AGONIST	36266
26291	NEGATIVE MODULATOR	38430
22315	ANTAGONIST	43505
26418	ANTAGONIST	35634
11583	POSITIVE ALLOSTERIC MODULATOR	40482
11692	AGONIST	38247
26574	INHIBITOR	37273
22204	INHIBITOR	39198
11702	ANTAGONIST	33686
26304	PARTIAL AGONIST	40563
11567	ANTAGONIST	39329
22030	INHIBITOR	36954
11674	AGONIST	36060
11970	INHIBITOR	8968
26643	INHIBITOR	8945
26417	ANTAGONIST	38093
26695	INHIBITOR	37594
22365	ANTAGONIST	44560
11900	AGONIST	38701
26590	AGONIST	34974
21966	AGONIST	9175
22167	ANTAGONIST	38701
26216	INHIBITOR	8945
30124	ANTAGONIST	42076
11997	ANTAGONIST	38093
11729	NEGATIVE MODULATOR	36474
21955	ANTAGONIST	44560
21930	ANTAGONIST	9175
26461	ANTAGONIST	28497
26668	ANTAGONIST	40846
30056	AGONIST	38701
11751	ANTAGONIST	36216
11970	INHIBITOR	43949
11608	ANTAGONIST	9175
26425	ANTAGONIST	8915
22127	INHIBITOR	44461
11833	AGONIST	40045
22049	AGONIST;POSITIVE ALLOSTERIC MODULATOR	43315
26376	AGONIST	36060
26233	INHIBITOR	42008
11871	POSITIVE ALLOSTERIC MODULATOR	33686
22370	POSITIVE MODULATOR	23784
26505	ANTAGONIST	42076
26746	INHIBITOR	36474
22204	ACTIVATOR	36946
12001	INHIBITOR	37492
22374	POSITIVE ALLOSTERIC MODULATOR	23784
11994	ANTAGONIST	35549
11958	ANTAGONIST	8915
11803	INHIBITOR	44220
26213	AGONIST	9175
22315	ANTAGONIST	43816
26668	BLOCKER	43228
11994	ANTAGONIST	34974
26688	INHIBITOR	28858
26746	INHIBITOR	9000
21922	ANTAGONIST	38093
21906	ANTAGONIST	40211
22229	INHIBITOR	32607
11938	ANTAGONIST	38608
11922	INHIBITOR	44554
11970	INHIBITOR	40882
11973	INHIBITOR	8945
11784	INHIBITOR	35369
11974	INHIBITOR	44220
11970	INHIBITOR	37999
11810	ANTAGONIST	31112
26396	ANTAGONIST	40204
21890	POSITIVE ALLOSTERIC MODULATOR	39893
26674	INHIBITOR	38273
21861	INHIBITOR	26772
21954	AGONIST	38523
26597	POSITIVE ALLOSTERIC MODULATOR	33319
11770	INHIBITOR	30794
26597	POSITIVE ALLOSTERIC MODULATOR	14714
30034	INHIBITOR	8945
11675	INHIBITOR	27165
21949	INHIBITOR	41634
22331	INHIBITOR	35732
22155	INHIBITOR	40875
22215	INHIBITOR	43473
22270	ANTAGONIST	43228
22227	INHIBITOR	42978
11994	ANTAGONIST	26961
11839	INHIBITOR	8945
11721	POSITIVE ALLOSTERIC MODULATOR	39893
21875	ANTAGONIST	39329
26370	POSITIVE ALLOSTERIC MODULATOR	36474
11731	POSITIVE ALLOSTERIC MODULATOR	9000
21861	INHIBITOR	39374
21971	INHIBITOR	34610
22314	BLOCKER	30794
26255	INHIBITOR	39076
30124	POSITIVE ALLOSTERIC MODULATOR	28497
11970	INHIBITOR	35452
11819	ANTAGONIST	27082
26390	POSITIVE ALLOSTERIC MODULATOR	36474
26662	INDUCER	23861
22324	ANTAGONIST	38093
26688	INHIBITOR	38102
26461	ANTAGONIST	9000
11702	AGONIST	19341
11555	ANTAGONIST	44560
26639	ANTAGONIST	44560
11644	ANTAGONIST	39158
26665	AGONIST	38336
22047	INHIBITOR	37273
26217	INHIBITOR	44067
22026	PARTIAL AGONIST	39747
30044	INHIBITOR	8793
11971	ANTAGONIST	9175
21893	ANTAGONIST	42978
26418	INHIBITOR	23835
26595	ANTAGONIST	35614
26577	BLOCKER	40204
11855	POSITIVE ALLOSTERIC MODULATOR	23784
11739	ANTAGONIST;INHIBITOR	44545
21999	INHIBITOR	33498
11667	ANTAGONIST	44121
26466	ANTAGONIST	41097
11751	ANTAGONIST	37803
26456	POSITIVE ALLOSTERIC MODULATOR	32696
21879	ANTAGONIST	33542
11608	ANTAGONIST	27082
30080	POSITIVE ALLOSTERIC MODULATOR	40789
26562	AGONIST	2847
26746	INHIBITOR	38837
30032	POSITIVE ALLOSTERIC MODULATOR	23784
11958	ANTAGONIST	42809
22259	INHIBITOR	14522
30081	INHIBITOR	40204
26492	AGONIST;PARTIAL AGONIST	39967
22058	ANTAGONIST	38701
26668	ANTAGONIST	43870
22155	INHIBITOR	8793
22123	AGONIST	41257
11784	ANTAGONIST	40846
22049	AGONIST;POSITIVE ALLOSTERIC MODULATOR	9000
12008	POSITIVE ALLOSTERIC MODULATOR	36745
21868	AGONIST	36474
26229	POSITIVE ALLOSTERIC MODULATOR	43315
26612	AGONIST	39973
11970	INHIBITOR	26934
26376	AGONIST	35634
11562	INHIBITOR	43191
26274	INHIBITOR	41494
11728	INHIBITOR	38176
11970	INHIBITOR	40815
11871	POSITIVE ALLOSTERIC MODULATOR	14714
11760	ANTAGONIST	42809
11658	POSITIVE ALLOSTERIC MODULATOR	43315
30117	ANTAGONIST	23934
11601	AGONIST	3102
26243	POSITIVE ALLOSTERIC MODULATOR	36745
26335	INHIBITOR	38338
22037	INHIBITOR	43401
11970	INHIBITOR	24016
11951	AGONIST	35634
22188	ANTAGONIST	39967
11976	ANTAGONIST	9128
11833	INHIBITOR	36207
30125	INHIBITOR	43401
11970	INHIBITOR	39358
11737	INHIBITOR	35049
11837	AGONIST	41257
30077	INHIBITOR	35627
11970	INHIBITOR	32680
30134	INHIBITOR	37827
11562	INHIBITOR	32663
11860	ANTAGONIST	41257
22106	INHIBITOR	38273
26461	ANTAGONIST	33319
21848	AGONIST	38701
26435	AGONIST	43228
26369	BLOCKER	33462
22039	AGONIST	33686
26584	INHIBITOR	8772
21883	ANTAGONIST	2951
22068	ANTAGONIST	27082
26488	INHIBITOR	35906
11915	ANTAGONIST	41257
26746	INHIBITOR	36216
30036	AGONIST	44207
22040	ANTAGONIST	39967
21971	INHIBITOR	35874
22032	INHIBITOR	8945
26600	INHIBITOR	44220
22167	ANTAGONIST	44207
26595	INHIBITOR	42688
30081	INHIBITOR	3005
22291	INDUCER	14283
22210	NEGATIVE MODULATOR	37594
11567	ANTAGONIST	39165
26390	POSITIVE ALLOSTERIC MODULATOR	14379
11954	AGONIST	41993
30062	ANTAGONIST	38093
22370	POSITIVE MODULATOR	39893
21986	AGONIST	9175
26271	ANTAGONIST	43228
11583	POSITIVE ALLOSTERIC MODULATOR	43315
26214	ACTIVATOR	34752
22241	ANTAGONIST	40716
11689	INHIBITOR	40204
11666	ANTAGONIST	26961
11762	ANTAGONIST	42899
26480	INHIBITOR	41097
26682	AGONIST	32680
11890	AGONIST	8915
26707	POSITIVE ALLOSTERIC MODULATOR	43315
11714	ANTAGONIST	38523
26668	ANTAGONIST	42978
11562	INHIBITOR	27217
11653	ANTAGONIST	38338
11551	ANTAGONIST	42978
11653	ANTAGONIST	2951
26479	ANTAGONIST	36216
26733	INHIBITOR	43138
22021	AGONIST	42983
26732	ANTAGONIST	41097
26694	POSITIVE ALLOSTERIC MODULATOR	40482
22204	ACTIVATOR	33677
22235	ANTAGONIST	42809
22355	ANTAGONIST	44207
21883	POSITIVE ALLOSTERIC MODULATOR	39893
26411	INHIBITOR	37822
22290	INHIBITOR	40512
11652	ANTAGONIST	8915
11731	POSITIVE ALLOSTERIC MODULATOR	14379
21922	ANTAGONIST	37803
11855	POSITIVE ALLOSTERIC MODULATOR	39893
11881	INHIBITOR	8945
22228	AGONIST	38860
26704	ANTAGONIST	39329
21865	INHIBITOR	42830
26590	AGONIST	38523
11970	INHIBITOR	28572
26607	AGONIST	36266
26537	INHIBITOR	35132
22134	POSITIVE ALLOSTERIC MODULATOR	36745
26376	AGONIST	44207
22317	AGONIST	44052
22106	INHIBITOR	36971
26627	INHIBITOR	43138
26370	POSITIVE ALLOSTERIC MODULATOR	40789
11567	POSITIVE ALLOSTERIC MODULATOR	36474
26214	ACTIVATOR	42069
26376	AGONIST	35549
26418	PARTIAL AGONIST	38523
26411	INHIBITOR	37616
21969	ANTAGONIST	44475
26376	AGONIST	40563
26664	ANTAGONIST	38523
11608	ANTAGONIST	44207
26243	POSITIVE ALLOSTERIC MODULATOR	33686
11737	INHIBITOR	42436
26575	AGONIST	39680
22122	AGONIST	38093
11869	INHIBITOR	38176
26572	ANTAGONIST	35166
22049	AGONIST;POSITIVE ALLOSTERIC MODULATOR	14714
11572	AGONIST	27082
30155	POSITIVE ALLOSTERIC MODULATOR	36745
11970	INHIBITOR	38173
26668	ANTAGONIST	38523
21949	INHIBITOR	43876
26370	POSITIVE ALLOSTERIC MODULATOR	32696
11551	INHIBITOR	38176
26668	ANTAGONIST	43047
26368	AGONIST	9175
11613	POSITIVE ALLOSTERIC MODULATOR	38837
22235	ANTAGONIST	44207
11572	INHIBITOR	42042
22116	ANTAGONIST	36060
22192	INHIBITOR	38903
11970	INHIBITOR	37876
11970	INHIBITOR	39695
11744	INHIBITOR	39080
22121	INVERSE AGONIST	26961
22106	INHIBITOR	36025
26355	POSITIVE ALLOSTERIC MODULATOR	9000
11795	INHIBITOR	37492
22134	POSITIVE ALLOSTERIC MODULATOR	36474
11940	AGONIST	36060
26580	INHIBITOR	41955
11652	ANTAGONIST	43047
21883	POSITIVE ALLOSTERIC MODULATOR	14379
11855	POSITIVE ALLOSTERIC MODULATOR	32696
26368	AGONIST	44207
22106	INHIBITOR	35745
11740	POSITIVE ALLOSTERIC MODULATOR	40482
26639	ANTAGONIST	38093
22223	POSITIVE ALLOSTERIC MODULATOR	36745
26266	INHIBITOR	26770
26656	INHIBITOR	44554
26718	INHIBITOR	30578
30043	INHIBITOR	41708
22188	ANTAGONIST	9175
22271	INHIBITOR	42616
26442	INHIBITOR	41743
21982	ANTAGONIST	38523
26456	POSITIVE ALLOSTERIC MODULATOR	14714
21867	AGONIST	44207
11855	POSITIVE ALLOSTERIC MODULATOR	38837
26390	POSITIVE ALLOSTERIC MODULATOR	43315
26630	INHIBITOR	38529
11757	INHIBITOR	42416
11731	POSITIVE ALLOSTERIC MODULATOR	40789
11735	INHIBITOR	32607
21862	POSITIVE ALLOSTERIC MODULATOR	28497
26584	INHIBITOR	41296
30155	POSITIVE ALLOSTERIC MODULATOR	40789
11970	INHIBITOR	39374
26405	ANTAGONIST	42978
22030	INHIBITOR	30910
22374	POSITIVE ALLOSTERIC MODULATOR	36132
12008	POSITIVE ALLOSTERIC MODULATOR	38837
11587	ANTAGONIST	35549
22017	INHIBITOR	37594
30044	INHIBITOR	43138
30049	ANTAGONIST	42809
22356	AGONIST	40563
22235	ANTAGONIST	38093
11985	INHIBITOR	23780
26632	AGONIST	42720
26223	PARTIAL AGONIST	39967
22169	ANTAGONIST	35549
11970	INHIBITOR	42421
26319	AGONIST	35549
11652	INHIBITOR	43315
11970	INHIBITOR	19565
26519	ANTAGONIST	42076
21941	ANTAGONIST	39967
26594	INHIBITOR	33560
26492	INHIBITOR	38430
26724	AGONIST	34571
11784	ANTAGONIST	42899
11869	ANTAGONIST	35549
26695	ANTAGONIST	38093
26746	INHIBITOR	43976
22314	BLOCKER	34560
26480	INHIBITOR	43473
22309	ANTAGONIST	41713
26515	AGONIST	36266
21890	POSITIVE ALLOSTERIC MODULATOR	36132
22339	ANTAGONIST	27082
21859	ANTAGONIST	9175
30080	POSITIVE ALLOSTERIC MODULATOR	14379
26335	INHIBITOR	39165
26584	INHIBITOR	37525
26484	INDUCER	19551
26244	ANTAGONIST	38093
22284	ANTAGONIST	44207
22106	INHIBITOR	28590
11994	ANTAGONIST	35634
26513	POSITIVE ALLOSTERIC MODULATOR	9000
11702	ANTAGONIST	14714
22378	AGONIST	38523
26456	POSITIVE ALLOSTERIC MODULATOR	39893
26442	INHIBITOR	42797
12008	POSITIVE ALLOSTERIC MODULATOR	43315
22374	POSITIVE ALLOSTERIC MODULATOR	14714
26372	PARTIAL AGONIST	41257
26553	AGONIST	8915
11970	INHIBITOR	40876
30060	ANTAGONIST	40211
26370	POSITIVE ALLOSTERIC MODULATOR	43315
11645	ANTAGONIST	8915
11981	INHIBITOR	42416
21851	INHIBITOR	43138
26428	INDUCER	14283
22049	AGONIST;POSITIVE ALLOSTERIC MODULATOR	40482
21961	AGONIST	43228
11971	ANTAGONIST	44207
30080	AGONIST	43943
26684	ANTAGONIST	44207
26249	AGONIST	35549
22149	INHIBITOR	32680
11757	INHIBITOR	37594
22045	ANTAGONIST	8915
11666	ANTAGONIST	40563
11784	ANTAGONIST	14537
11871	POSITIVE ALLOSTERIC MODULATOR	40789
30049	ANTAGONIST	43228
22370	POSITIVE MODULATOR	40789
26669	AGONIST	23601
30124	POSITIVE ALLOSTERIC MODULATOR	40482
30155	POSITIVE ALLOSTERIC MODULATOR	14379
11666	ANTAGONIST	40846
22063	ACTIVATOR	33542
22222	ANTAGONIST	38093
26674	INHIBITOR	3005
26752	ANTAGONIST	43047
30090	AGONIST	39967
22008	INHIBITOR	39524
22036	ANTAGONIST	39329
26316	BLOCKER	33462
30120	AGONIST	39329
30154	INHIBITOR	40549
30117	ANTAGONIST	38102
26626	ANTAGONIST	8915
11994	ANTAGONIST	8915
21861	INHIBITOR	35627
26422	ANTAGONIST	33319
11613	AGONIST	39893
30124	POSITIVE ALLOSTERIC MODULATOR	23784
21847	PARTIAL AGONIST	39680
11892	POSITIVE ALLOSTERIC MODULATOR	43315
30153	AGONIST	28422
21862	POSITIVE ALLOSTERIC MODULATOR	36474
11970	INHIBITOR	34836
22344	INHIBITOR	9095
21922	ANTAGONIST	36216
11784	ANTAGONIST	36266
26615	ANTAGONIST	35549
21938	INHIBITOR	40515
26229	POSITIVE ALLOSTERIC MODULATOR	36474
11670	POSITIVE ALLOSTERIC MODULATOR	36474
22056	ANTAGONIST	8915
11751	ANTAGONIST	42809
21883	ANTAGONIST	44475
11667	ANTAGONIST	42809
26694	POSITIVE ALLOSTERIC MODULATOR	28497
11579	ANTAGONIST	40737
11970	INHIBITOR	23507
11556	ANTAGONIST	43228
26213	AGONIST	42978
11819	ANTAGONIST	9175
22200	AGONIST	38247
11572	AGONIST	38701
22049	AGONIST;POSITIVE ALLOSTERIC MODULATOR	39893
26243	POSITIVE ALLOSTERIC MODULATOR	33319
11699	ANTAGONIST	38093
30155	POSITIVE ALLOSTERIC MODULATOR	38837
26531	ANTAGONIST	42076
22008	INHIBITOR	38695
30074	INHIBITOR	8945
11970	INHIBITOR	42297
22227	ANTAGONIST	42978
26503	INHIBITOR	33462
30049	ANTAGONIST	36060
11760	ANTAGONIST	9175
21875	ANTAGONIST	43816
22340	AGONIST	40563
26450	INHIBITOR	38176
26335	INHIBITOR	33462
11653	ANTAGONIST	42899
11652	INHIBITOR	33686
26718	INHIBITOR	23478
30160	INHIBITOR	38176
22017	INHIBITOR	38430
26376	AGONIST	36266
26341	INHIBITOR;BINDER	43228
21867	AGONIST	35549
26255	ANTAGONIST	40255
22215	INHIBITOR	40204
11869	ANTAGONIST	26961
26668	ANTAGONIST	32719
26318	INHIBITOR	34992
22210	NEGATIVE MODULATOR	38176
11663	AGONIST	41542
22008	INHIBITOR	36658
11710	AGONIST	41257
21969	ANTAGONIST	38338
11990	INHIBITOR	43401
22186	AGONIST	42091
26422	ANTAGONIST	39893
11751	ANTAGONIST	35549
22114	ANTAGONIST	43228
11895	PARTIAL AGONIST	39967
11751	ANTAGONIST	36877
22188	ANTAGONIST	42978
26466	ANTAGONIST	43473
26597	POSITIVE ALLOSTERIC MODULATOR	28497
26401	ANTAGONIST	36266
26545	ANTAGONIST	37705
22375	INHIBITOR	36954
22210	INHIBITOR	19246
22370	ANTAGONIST	19341
11940	AGONIST	41542
11636	INHIBITOR	40267
11677	ANTAGONIST	8915
21893	ANTAGONIST	40563
21999	INHIBITOR	40204
26403	AGONIST	41363
26682	AGONIST	42194
26657	INHIBITOR	42436
26669	PARTIAL AGONIST	37705
26733	INHIBITOR	8945
30144	ANTAGONIST	39967
11970	INHIBITOR	14197
30033	INHIBITOR	39474
12001	INHIBITOR	26966
22065	INHIBITOR	39398
30155	POSITIVE ALLOSTERIC MODULATOR	9000
22045	ANTAGONIST	34974
11871	POSITIVE ALLOSTERIC MODULATOR	14379
22385	AGONIST	41505
26456	POSITIVE ALLOSTERIC MODULATOR	43315
22030	INHIBITOR	28656
11970	INHIBITOR	39902
26280	INHIBITOR	35056
26680	ANTAGONIST	38685
22227	INHIBITOR	40563
11871	ANTAGONIST	43816
11583	POSITIVE ALLOSTERIC MODULATOR	28497
26396	ANTAGONIST	40716
11572	AGONIST	9175
22149	INHIBITOR	39142
26414	PARTIAL AGONIST	9000
11763	ACTIVATOR	38881
26217	INHIBITOR	35851
22008	INHIBITOR	8793
26597	POSITIVE ALLOSTERIC MODULATOR	33686
11751	ANTAGONIST	40846
22069	ANTAGONIST	44475
26511	ANTAGONIST	43047
11653	ANTAGONIST	43816
26370	POSITIVE ALLOSTERIC MODULATOR	14714
11681	INHIBITOR	3214
22051	AGONIST	35023
26209	INHIBITOR	43401
26705	NEGATIVE MODULATOR	38869
22178	AGONIST;PARTIAL AGONIST	38523
11752	AGONIST	39967
22149	INHIBITOR	9144
26282	ACTIVATOR	39388
26752	ANTAGONIST	36060
22266	INHIBITOR	33542
11666	ANTAGONIST	9175
26694	POSITIVE ALLOSTERIC MODULATOR	36132
22222	ANTAGONIST	43943
11970	INHIBITOR	40035
21884	ANTAGONIST	43816
26555	INHIBITOR	38791
26401	ANTAGONIST	41505
26370	POSITIVE ALLOSTERIC MODULATOR	40482
11621	ANTAGONIST	42978
22235	ANTAGONIST	37803
30117	ANTAGONIST	31019
26668	ANTAGONIST	9175
22144	AGONIST	38701
21922	ANTAGONIST	8915
11892	POSITIVE ALLOSTERIC MODULATOR	9000
30090	AGONIST	35549
30097	INDUCER	37648
11884	ANTAGONIST	43228
11970	INHIBITOR	36658
30095	INHIBITOR	32394
21964	INHIBITOR	44554
30062	ANTAGONIST	35828
26255	INHIBITOR	42954
22136	ANTAGONIST	43764
26325	AGONIST	39973
26584	INHIBITOR	39690
11572	AGONIST	42978
11816	ANTAGONIST	43943
11970	INHIBITOR	36946
22167	ANTAGONIST	36216
22340	AGONIST	43228
11579	ANTAGONIST	43229
26492	INHIBITOR	37594
22178	ANTAGONIST	26961
22309	ANTAGONIST	43645
26505	POSITIVE ALLOSTERIC MODULATOR	28497
22345	AGONIST	28795
30116	ANTAGONIST	34402
11876	INDUCER	19618
26746	INHIBITOR	36132
26364	INHIBITOR	38523
22235	ANTAGONIST	27082
26659	INHIBITOR	38176
26668	ANTAGONIST	40569
11970	INHIBITOR	38913
26484	INDUCER	35858
26243	POSITIVE ALLOSTERIC MODULATOR	14714
26229	POSITIVE ALLOSTERIC MODULATOR	33319
26505	POSITIVE ALLOSTERIC MODULATOR	40482
11970	INHIBITOR	32634
26539	ANTAGONIST	26961
26390	POSITIVE ALLOSTERIC MODULATOR	33319
30034	AGONIST	34571
30151	INHIBITOR	32226
22182	INHIBITOR	38176
11995	ANTAGONIST	2951
30033	ANTAGONIST	9175
22222	ANTAGONIST	36216
30167	ANTAGONIST	41363
26370	POSITIVE ALLOSTERIC MODULATOR	36132
22374	POSITIVE ALLOSTERIC MODULATOR	36474
26376	AGONIST	34974
11608	ANTAGONIST	43228
22030	INHIBITOR	42416
11740	POSITIVE ALLOSTERIC MODULATOR	14714
11583	POSITIVE ALLOSTERIC MODULATOR	23784
22374	POSITIVE ALLOSTERIC MODULATOR	38837
21867	AGONIST	39967
22226	ANTAGONIST	42978
22114	ANTAGONIST	44207
26476	AGONIST	38701
22030	INHIBITOR	40184
22339	ANTAGONIST	35549
11970	INHIBITOR	14684
26319	AGONIST	39967
11627	INHIBITOR	23835
11970	INHIBITOR	41691
11619	INHIBITOR	38176
26217	AGONIST	39973
22149	INHIBITOR	26772
11670	POSITIVE ALLOSTERIC MODULATOR	43315
26694	POSITIVE ALLOSTERIC MODULATOR	23784
26390	POSITIVE ALLOSTERIC MODULATOR	38837
11590	INHIBITOR	42528
22039	AGONIST	40482
22012	ANTAGONIST;INHIBITOR	32607
11952	INHIBITOR	33739
26331	INHIBITOR	38524
30058	ANTAGONIST	39967
11674	AGONIST	27082
21883	ANTAGONIST	38338
11958	ANTAGONIST	27082
26707	POSITIVE ALLOSTERIC MODULATOR	33686
22313	POSITIVE ALLOSTERIC MODULATOR	28497
22063	ANTAGONIST	32719
22039	AGONIST	36474
11892	POSITIVE ALLOSTERIC MODULATOR	28497
30073	ACTIVATOR	38322
21949	INHIBITOR	30910
11970	INHIBITOR	44599
11970	INHIBITOR	19421
11567	POSITIVE ALLOSTERIC MODULATOR	14714
26322	ANTAGONIST	43806
11784	ANTAGONIST	44121
30133	INHIBITOR	37594
26390	POSITIVE ALLOSTERIC MODULATOR	40482
26266	INHIBITOR	40716
26664	INHIBITOR	37594
26351	INHIBITOR	43410
21976	INHIBITOR	43043
21897	INHIBITOR	39273
26297	INHIBITOR	8945
11970	INHIBITOR	28766
22148	ANTAGONIST	42809
22170	INHIBITOR	35883
22100	AGONIST	39973
22248	AGONIST	38247
22134	POSITIVE ALLOSTERIC MODULATOR	32696
26370	POSITIVE ALLOSTERIC MODULATOR	23784
22202	INHIBITOR	42416
21884	ANTAGONIST	42076
26723	INHIBITOR	32607
22174	AGONIST	43047
11970	INHIBITOR	3089
22049	AGONIST;POSITIVE ALLOSTERIC MODULATOR	33319
11694	INHIBITOR	23768
11614	ANTAGONIST	8915
26668	ANTAGONIST	37714
22172	INHIBITOR	37829
11677	ANTAGONIST	43806
21930	NEGATIVE MODULATOR	37594
11740	POSITIVE ALLOSTERIC MODULATOR	9000
11953	ANTAGONIST	37803
22314	BLOCKER	40716
11551	INHIBITOR	26966
11652	INHIBITOR	28497
22204	ANTAGONIST	35166
11935	INHIBITOR	42416
26312	INHIBITOR	36025
26684	ANTAGONIST	35828
22122	AGONIST	43806
26531	ANTAGONIST	39329
11940	AGONIST	38523
26539	ANTAGONIST	38338
11855	POSITIVE ALLOSTERIC MODULATOR	40482
26217	AGONIST	41257
21956	AGONIST	43047
22132	ANTAGONIST	37705
11579	ANTAGONIST	23601
26418	ANTAGONIST	44121
11584	INHIBITOR	27165
11855	POSITIVE ALLOSTERIC MODULATOR	36474
11672	POSITIVE ALLOSTERIC MODULATOR	14714
26584	INHIBITOR	35676
26666	INHIBITOR	40716
26584	INHIBITOR	36398
11553	INHIBITOR	33498
30124	POSITIVE ALLOSTERIC MODULATOR	36474
11929	ANTAGONIST	44207
11751	ANTAGONIST	8915
11674	AGONIST	41542
22329	ANTAGONIST	3026
26546	ANTAGONIST	42436
21862	POSITIVE ALLOSTERIC MODULATOR	40789
11583	POSITIVE ALLOSTERIC MODULATOR	38837
26229	POSITIVE ALLOSTERIC MODULATOR	14714
22259	INHIBITOR	30578
26257	INHIBITOR	43401
22370	ANTAGONIST	42899
26481	INHIBITOR	42524
21854	ANTAGONIST	40737
11819	ANTAGONIST	26961
11652	ANTAGONIST	36266
26503	INHIBITOR	38338
30151	ACTIVATOR	34571
11922	INHIBITOR	43221
26505	POSITIVE ALLOSTERIC MODULATOR	9000
26422	ANTAGONIST	9000
11574	ANTAGONIST	39967
11871	POSITIVE ALLOSTERIC MODULATOR	32696
21892	INHIBITOR	42954
22090	AGONIST	43410
11815	AGONIST	43816
22370	POSITIVE MODULATOR	32696
11970	INHIBITOR	42636
11976	INHIBITOR	37680
21949	INHIBITOR	41713
26243	POSITIVE ALLOSTERIC MODULATOR	40789
22227	INHIBITOR	35549
26292	AGONIST	41257
21862	POSITIVE ALLOSTERIC MODULATOR	9000
11746	INHIBITOR	42966
11652	INHIBITOR	38837
26689	INHIBITOR	30910
22237	INHIBITOR	27130
30054	INHIBITOR	8945
22188	ANTAGONIST	44207
22316	ANTAGONIST	37705
11849	INHIBITOR	44554
26505	POSITIVE ALLOSTERIC MODULATOR	43315
11666	ANTAGONIST	43047
26375	ANTAGONIST	38093
26328	ANTAGONIST	43806
26505	POSITIVE ALLOSTERIC MODULATOR	36745
22307	INHIBITOR	8926
11652	ANTAGONIST	42809
26352	ACTIVATOR	30976
22149	INHIBITOR	3089
11555	ANTAGONIST	35549
26433	INHIBITOR	44368
26659	ANTAGONIST	35634
22370	POSITIVE MODULATOR	33319
26707	POSITIVE ALLOSTERIC MODULATOR	36132
26701	INHIBITOR	23768
12008	POSITIVE ALLOSTERIC MODULATOR	28497
22039	AGONIST	23957
30118	INHIBITOR	3089
11721	POSITIVE ALLOSTERIC MODULATOR	36132
26220	ANTAGONIST	42899
26472	INHIBITOR	42436
26512	INHIBITOR	40815
26674	INHIBITOR	30794
22204	ACTIVATOR	33694
22069	ANTAGONIST	42899
26443	INHIBITOR	36779
22008	INHIBITOR	42309
30085	INHIBITOR	40515
22123	ANTAGONIST	44475
22128	INHIBITOR	27185
26501	INHIBITOR	28766
11819	INHIBITOR	38430
26700	ANTAGONIST	40211
11608	ANTAGONIST	34974
11702	ANTAGONIST	28497
11572	AGONIST	39967
22375	AGONIST	28662
30077	ANTAGONIST	39142
22328	INHIBITOR	26770
22215	INHIBITOR	30794
22167	INHIBITOR	38176
11666	ANTAGONIST	37803
26529	AGONIST	32696
11970	INHIBITOR	35042
30111	AGONIST	42834
11572	INHIBITOR	36954
26682	AGONIST	2978
21855	AGONIST	39973
11652	INHIBITOR	39967
26699	AGONIST	42723
11944	INHIBITOR	38176
26695	INHIBITOR	37492
11793	ANTAGONIST	8915
22131	AGONIST	40737
11740	POSITIVE ALLOSTERIC MODULATOR	36745
11658	POSITIVE ALLOSTERIC MODULATOR	32696
30160	ANTAGONIST	42809
22227	ANTAGONIST	8915
26529	AGONIST	36132
22023	AGONIST	42862
11630	AGONIST	37571
26513	POSITIVE ALLOSTERIC MODULATOR	33686
30155	POSITIVE ALLOSTERIC MODULATOR	14714
11953	ANTAGONIST	8915
21929	INHIBITOR	26770
22356	AGONIST	36266
30077	INHIBITOR	37980
22375	NEGATIVE MODULATOR	37594
11738	ANTAGONIST	44560
26746	INHIBITOR	23784
26370	POSITIVE ALLOSTERIC MODULATOR	9000
26707	POSITIVE ALLOSTERIC MODULATOR	40789
11653	ANTAGONIST	33462
26554	INHIBITOR	38176
26214	ACTIVATOR	43017
26615	INHIBITOR	43410
22381	AGONIST	39564
22030	INHIBITOR	37273
22252	AGONIST	44057
22065	INHIBITOR	38772
26243	INHIBITOR	37273
26271	ANTAGONIST	44560
11721	POSITIVE ALLOSTERIC MODULATOR	36745
26255	INHIBITOR	40204
26320	ANTAGONIST	36216
11652	ANTAGONIST	36216
26238	POSITIVE ALLOSTERIC MODULATOR	43315
26539	INHIBITOR	38430
30117	INHIBITOR	40882
26396	ANTAGONIST	42954
11970	INHIBITOR	35045
26513	POSITIVE ALLOSTERIC MODULATOR	40482
26255	ANTAGONIST	39273
21932	ANTAGONIST	38093
11683	AGONIST	9175
26364	ANTAGONIST	8915
22053	AGONIST	39747
26341	ANTAGONIST	32719
11917	ANTAGONIST	43976
22356	AGONIST	38523
22008	INHIBITOR	37273
11970	INHIBITOR	14606
22123	ANTAGONIST	38338
11660	ANTAGONIST	43228
22351	ANTAGONIST	34489
30049	ANTAGONIST	44560
11646	ANTAGONIST;INHIBITOR	44528
30038	INHIBITOR	38985
11721	POSITIVE ALLOSTERIC MODULATOR	36474
22370	POSITIVE MODULATOR	36132
22134	ANTAGONIST	42899
30155	POSITIVE ALLOSTERIC MODULATOR	43315
11869	ANTAGONIST	34974
26511	ANTAGONIST	35549
30090	AGONIST	38701
22235	ANTAGONIST	36060
22233	ANTAGONIST	34603
11985	INHIBITOR	8815
11652	ANTAGONIST	32719
26592	STIMULATOR	40254
26260	AGONIST	38247
11654	INHIBITOR	8945
26378	INHIBITOR	38176
26590	AGONIST	44121
11970	INHIBITOR	43871
21893	ANTAGONIST	44560
22151	ANTAGONIST	38093
22205	INHIBITOR	32226
11970	INHIBITOR	28595
26474	AGONIST	28795
26688	INHIBITOR	39374
30032	POSITIVE ALLOSTERIC MODULATOR	33686
26479	ANTAGONIST	37803
11842	INDUCER	43401
30161	AGONIST	43047
26639	ANTAGONIST	43228
30080	POSITIVE ALLOSTERIC MODULATOR	38837
26461	ANTAGONIST	40789
22121	ANTAGONIST	42978
26364	ANTAGONIST	38093
26584	INHIBITOR	42524
26746	INHIBITOR	32719
26636	AGONIST	39967
26396	ANTAGONIST	19312
11555	ANTAGONIST	43047
11970	INHIBITOR	9044
26643	INHIBITOR	37827
22328	INHIBITOR	39244
11723	INHIBITOR	30883
22307	INHIBITOR	41940
11943	INHIBITOR	33606
11652	ANTAGONIST	38093
11592	ACTIVATOR	9167
26271	ANTAGONIST	42978
11567	POSITIVE ALLOSTERIC MODULATOR	9000
11608	ANTAGONIST	44121
11760	ANTAGONIST	35828
22199	AGONIST	43047
30033	INHIBITOR	42954
11881	INHIBITOR	14236
26647	ANTAGONIST	37957
26730	AGONIST	39973
26519	ANTAGONIST	33462
22291	INHIBITOR	43401
26585	ANTAGONIST	43816
22238	ANTAGONIST	35549
26684	INHIBITOR	38430
11819	ANTAGONIST	43228
22223	POSITIVE ALLOSTERIC MODULATOR	23784
11791	INHIBITOR	43401
26291	INHIBITOR	42042
26466	ANTAGONIST	39076
26607	AGONIST	41505
11970	INHIBITOR	38382
26694	POSITIVE ALLOSTERIC MODULATOR	36474
22313	POSITIVE ALLOSTERIC MODULATOR	38837
26442	INHIBITOR	41708
11887	ANTAGONIST	44475
11740	POSITIVE ALLOSTERIC MODULATOR	36132
26470	ANTAGONIST	36216
22220	INHIBITOR	8945
26666	INHIBITOR	30794
11970	INHIBITOR	26942
11873	ANTAGONIST	38523
30049	ANTAGONIST	41542
22106	INHIBITOR	37042
11555	ANTAGONIST	34974
26441	INHIBITOR	35049
22051	AGONIST	37467
11970	INHIBITOR	37048
11731	ANTAGONIST	43404
21862	POSITIVE ALLOSTERIC MODULATOR	32696
11970	INHIBITOR	38167
11958	ANTAGONIST	43047
30146	INHIBITOR	44545
26583	INHIBITOR	8945
26682	AGONIST	36416
30167	INHIBITOR	43410
21981	ANTAGONIST	44560
22084	AGONIST	23601
22151	ANTAGONIST	35828
11907	ANTAGONIST	27082
22039	AGONIST	14714
26688	INHIBITOR	41997
11563	ANTAGONIST	41257
11970	INHIBITOR	19645
22169	ANTAGONIST	43228
22050	AGONIST	44121
22023	AGONIST	43043
30062	ANTAGONIST	44207
26668	ANTAGONIST	44121
22056	ANTAGONIST	36216
26410	INHIBITOR	39474
30139	INHIBITOR	40204
21855	AGONIST	41257
22148	ANTAGONIST	41363
26684	ANTAGONIST	9175
11871	POSITIVE ALLOSTERIC MODULATOR	33319
21862	POSITIVE ALLOSTERIC MODULATOR	14714
22283	AGONIST	43976
22313	POSITIVE ALLOSTERIC MODULATOR	14714
26271	ANTAGONIST	34974
11672	POSITIVE ALLOSTERIC MODULATOR	28497
22187	ANTAGONIST	8945
22355	ANTAGONIST	42978
30124	POSITIVE ALLOSTERIC MODULATOR	9000
26685	INHIBITOR	33769
22323	INHIBITOR	43391
