69185	AGONIST	142687
93120	ANTAGONIST	114444
74649	INHIBITOR	139792
24097	HAS_UNDEFINED_ACTION_ON	67482
83481	POTENTIATOR	44088
107925	POSITIVE ALLOSTERIC MODULATOR	30475
102035	HAS_UNDEFINED_ACTION_ON	120941
79263	HAS_UNDEFINED_ACTION_ON	161373
57543	HAS_UNDEFINED_ACTION_ON	98394
85331	AGONIST	161365
82239	HAS_UNDEFINED_ACTION_ON	153704
69163	INHIBITOR	67482
95392	INHIBITOR	157596
78120	POSITIVE ALLOSTERIC MODULATOR	114160
108044	BINDER	128291
54116	COFACTOR	126829
69232	HAS_UNDEFINED_ACTION_ON	109823
91965	POTENTIATOR	89945
74574	HAS_UNDEFINED_ACTION_ON	87053
42465	COFACTOR	96146
42494	ANTAGONIST	142696
42430	ANTAGONIST	161188
33047	INHIBITOR	128963
74616	HAS_UNDEFINED_ACTION_ON	135501
74553	HAS_UNDEFINED_ACTION_ON	138007
110962	BLOCKER	135815
93105	ANTAGONIST;AGONIST	112361
87649	POSITIVE ALLOSTERIC MODULATOR	145941
100354	HAS_UNDEFINED_ACTION_ON	94851
57429	ANTAGONIST	156741
66313	INHIBITOR	75056
89540	ANTAGONIST;AGONIST	135664
85260	ANTAGONIST	130771
82275	ANTAGONIST	161531
97876	INHIBITOR	130586
57649	INHIBITOR	72493
74007	INHIBITOR	30346
100341	INHIBITOR	123730
24233	HAS_UNDEFINED_ACTION_ON	137967
108654	ANTAGONIST	160432
79335	HAS_UNDEFINED_ACTION_ON	130541
82349	HAS_UNDEFINED_ACTION_ON	130972
85275	HAS_UNDEFINED_ACTION_ON	37985
69298	HAS_UNDEFINED_ACTION_ON	157800
42515	AGONIST	48794
110840	HAS_UNDEFINED_ACTION_ON	89776
57624	AGONIST	132241
82233	INHIBITOR	156960
85266	AGONIST	158489
66313	INHIBITOR	154668
110952	HAS_UNDEFINED_ACTION_ON	98619
104318	POTENTIATOR	142526
79254	HAS_UNDEFINED_ACTION_ON	56947
66249	HAS_UNDEFINED_ACTION_ON	160353
76964	AGONIST	61659
70979	INHIBITOR	144287
79395	ANTAGONIST	37951
102036	INHIBITOR	161352
42514	HAS_UNDEFINED_ACTION_ON	140232
62169	HAS_UNDEFINED_ACTION_ON	44040
91936	HAS_UNDEFINED_ACTION_ON	137817
32971	HAS_UNDEFINED_ACTION_ON	94682
85260	BINDER	65297
33012	POSITIVE ALLOSTERIC MODULATOR	30475
93007	ANTAGONIST	157622
42497	HAS_UNDEFINED_ACTION_ON	3630
63882	POSITIVE ALLOSTERIC MODULATOR	92314
97819	POTENTIATOR	148785
107899	HAS_UNDEFINED_ACTION_ON	112443
24094	HAS_UNDEFINED_ACTION_ON	127950
82349	HAS_UNDEFINED_ACTION_ON	155986
93148	HAS_UNDEFINED_ACTION_ON	144287
57624	AGONIST	142687
79361	COFACTOR	61554
101978	BINDER	3695
110930	POSITIVE ALLOSTERIC MODULATOR	89945
95493	HAS_UNDEFINED_ACTION_ON	153509
78119	HAS_UNDEFINED_ACTION_ON	140232
59939	INHIBITOR	52418
81146	ANTAGONIST	30346
79254	HAS_UNDEFINED_ACTION_ON	121166
100376	HAS_UNDEFINED_ACTION_ON	153704
100242	HAS_UNDEFINED_ACTION_ON	94505
82261	INHIBITOR	30346
78148	INHIBITOR	154790
82433	HAS_UNDEFINED_ACTION_ON	132641
79262	INHIBITOR	127080
85892	INHIBITOR	120859
69334	INHIBITOR	128963
95424	INHIBITOR	96501
106706	INHIBITOR	148929
78084	UNKNOWN	146134
54159	POSITIVE ALLOSTERIC MODULATOR	114160
79219	INHIBITOR	158143
59963	HAS_UNDEFINED_ACTION_ON	157130
69164	POSITIVE ALLOSTERIC MODULATOR	74886
95394	INHIBITOR	30346
106691	BINDER	92642
104437	HAS_UNDEFINED_ACTION_ON	148712
73922	MODULATOR	61659
66100	ANTAGONIST	160110
102081	AGONIST	157459
63935	HAS_UNDEFINED_ACTION_ON	141085
104359	ANTAGONIST	30346
85331	AGONIST	106378
95366	HAS_UNDEFINED_ACTION_ON	89924
104437	HAS_UNDEFINED_ACTION_ON	67345
99135	HAS_UNDEFINED_ACTION_ON	159028
74524	LIGAND	147612
89473	HAS_UNDEFINED_ACTION_ON	137710
108057	HAS_UNDEFINED_ACTION_ON	61184
66249	HAS_UNDEFINED_ACTION_ON	155674
110950	LIGAND	142687
78120	POSITIVE ALLOSTERIC MODULATOR	118161
85968	ACTIVATOR	154920
100354	AGONIST	57124
66207	BINDER	157974
67922	INHIBITOR	111939
74554	AGONIST	74886
100178	ANTAGONIST;MULTITARGET	94489
54201	POSITIVE ALLOSTERIC MODULATOR	65297
66313	INHIBITOR	154558
66313	INHIBITOR	69691
24073	ANTAGONIST	160432
68029	POSITIVE ALLOSTERIC MODULATOR	74886
76956	ANTAGONIST	160617
91929	BINDER	48794
59876	ANTAGONIST	158489
76977	INVERSE AGONIST	100771
91789	HAS_UNDEFINED_ACTION_ON	92787
87776	POTENTIATOR	142526
91831	ANTAGONIST;AGONIST	142687
59903	INHIBITOR	80059
90113	HAS_UNDEFINED_ACTION_ON	72438
74652	INHIBITOR	127080
42405	ANTAGONIST	150352
66313	INHIBITOR	156066
85877	POSITIVE MODULATOR	44088
59963	HAS_UNDEFINED_ACTION_ON	139830
87733	INHIBITOR	157911
97866	HAS_UNDEFINED_ACTION_ON	72182
71561	ANTAGONIST	142687
90136	BLOCKER	92658
95388	INHIBITOR	3415
100207	ALLOSTERIC MODULATOR	61659
63882	POTENTIATOR	145941
85983	ANTAGONIST	157805
109158	POTENTIATOR	65297
66313	INHIBITOR	155989
57570	HAS_UNDEFINED_ACTION_ON	74838
89540	ANTAGONIST;AGONIST	147853
95472	LIGAND	37889
24255	HAS_UNDEFINED_ACTION_ON	152433
108067	HAS_UNDEFINED_ACTION_ON	140200
66115	HAS_UNDEFINED_ACTION_ON	125383
79311	ANTAGONIST	106378
73970	HAS_UNDEFINED_ACTION_ON	87053
97866	HAS_UNDEFINED_ACTION_ON	3400
42469	AGONIST	161365
106635	INHIBITOR	114337
66313	INHIBITOR	157379
79254	HAS_UNDEFINED_ACTION_ON	130724
91856	HAS_UNDEFINED_ACTION_ON	147722
98963	INHIBITOR	156775
33147	INHIBITOR	102209
76943	ANTAGONIST	161365
57518	HAS_UNDEFINED_ACTION_ON	125422
95394	INHIBITOR	118233
103772	INHIBITOR	94957
104509	INHIBITOR	158876
103764	AGONIST	92787
57592	ANTAGONIST	109839
66165	ANTAGONIST	37951
74726	HAS_UNDEFINED_ACTION_ON	78037
109179	NEGATIVE MODULATOR	105946
74571	HAS_UNDEFINED_ACTION_ON	75280
96046	HAS_UNDEFINED_ACTION_ON	86927
66260	HAS_UNDEFINED_ACTION_ON	135444
108001	HAS_UNDEFINED_ACTION_ON	126749
79254	HAS_UNDEFINED_ACTION_ON	83673
70948	HAS_UNDEFINED_ACTION_ON	69498
76982	AGONIST	44018
54074	INHIBITOR	18553
85260	ANTAGONIST	127029
42514	HAS_UNDEFINED_ACTION_ON	102450
74552	NEGATIVE MODULATOR	135516
106635	INHIBITOR	142687
48592	HAS_UNDEFINED_ACTION_ON	96619
87771	HAS_UNDEFINED_ACTION_ON	61580
74644	ALLOSTERIC MODULATOR	154863
106780	ANTAGONIST	69826
24041	INHIBITOR	75081
70944	ANTAGONIST	30282
42486	ANTAGONIST	157622
33129	HAS_UNDEFINED_ACTION_ON	44040
68033	ANTAGONIST	37951
74552	BINDER	30436
67970	ANTAGONIST	128240
59963	HAS_UNDEFINED_ACTION_ON	156912
54180	INHIBITOR	3736
74663	ANTAGONIST	56825
79261	HAS_UNDEFINED_ACTION_ON	125229
66313	INHIBITOR	30306
99103	SUBSTRATE	157241
66271	BINDER	100771
91940	HAS_UNDEFINED_ACTION_ON	83664
87733	INHIBITOR	139944
82994	HAS_UNDEFINED_ACTION_ON	161206
102092	OTHER	160804
33111	AGONIST	157620
74705	HAS_UNDEFINED_ACTION_ON	148670
106699	POSITIVE ALLOSTERIC MODULATOR	142526
57528	COFACTOR	152776
66313	INHIBITOR	98428
82994	HAS_UNDEFINED_ACTION_ON	160892
100199	AGONIST	161365
69185	AGONIST	158135
98933	HAS_UNDEFINED_ACTION_ON	3397
91871	HAS_UNDEFINED_ACTION_ON	75224
95551	ANTAGONIST	127029
76978	HAS_UNDEFINED_ACTION_ON	114337
69181	HAS_UNDEFINED_ACTION_ON	98605
33148	HAS_UNDEFINED_ACTION_ON	65289
66313	INHIBITOR	128926
69249	POSITIVE ALLOSTERIC MODULATOR	132577
99037	INHIBITOR	18286
66313	INHIBITOR	112055
42379	HAS_UNDEFINED_ACTION_ON	78003
103771	ANTAGONIST	157974
67924	HAS_UNDEFINED_ACTION_ON	155989
66313	INHIBITOR	65427
74029	POTENTIATOR	158674
93212	ANTAGONIST	30282
79364	HAS_UNDEFINED_ACTION_ON	116385
42415	INHIBITOR	92314
89491	LIGAND	152795
59868	LIGAND	3569
83529	BLOCKER	87183
54159	POSITIVE ALLOSTERIC MODULATOR	94795
110943	HAS_UNDEFINED_ACTION_ON	120875
91834	HAS_UNDEFINED_ACTION_ON	140282
102077	ANTAGONIST	160416
71639	HAS_UNDEFINED_ACTION_ON	69461
54114	HAS_UNDEFINED_ACTION_ON	153671
82416	HAS_UNDEFINED_ACTION_ON	161478
33129	HAS_UNDEFINED_ACTION_ON	67345
93056	POSITIVE ALLOSTERIC MODULATOR	147746
62169	HAS_UNDEFINED_ACTION_ON	67345
93197	ANTAGONIST	83601
74644	ALLOSTERIC MODULATOR	160024
62122	ANTAGONIST	94885
42423	HAS_UNDEFINED_ACTION_ON	79844
100178	INHIBITOR	156960
107899	HAS_UNDEFINED_ACTION_ON	65379
97894	ANTAGONIST	69509
85260	BINDER	52424
91880	INHIBITOR	158876
57635	POTENTIATOR	116506
108048	AGONIST	130771
73970	HAS_UNDEFINED_ACTION_ON	147868
79361	HAS_UNDEFINED_ACTION_ON	96485
109173	HAS_UNDEFINED_ACTION_ON	89794
57450	UNKNOWN	61491
69257	POTENTIATOR	145941
91894	POSITIVE ALLOSTERIC MODULATOR	65297
24119	POSITIVE ALLOSTERIC MODULATOR	89945
66246	HAS_UNDEFINED_ACTION_ON	78003
66207	BINDER	160617
87670	ANTAGONIST	37951
24147	AGONIST	157974
100200	ANTAGONIST	159764
89458	HAS_UNDEFINED_ACTION_ON	72229
81004	HAS_UNDEFINED_ACTION_ON	98619
103749	HAS_UNDEFINED_ACTION_ON	72182
59847	INHIBITOR	30346
90167	HAS_UNDEFINED_ACTION_ON	72107
74518	INHIBITOR	110204
91802	INHIBITOR	146039
97890	INHIBITOR	155674
69289	HAS_UNDEFINED_ACTION_ON	80059
79361	COFACTOR	94893
42486	ANTAGONIST	109839
59783	ANTAGONIST	161365
71674	INHIBITOR	125503
106727	COFACTOR	152795
91957	BLOCKER	92658
48592	HAS_UNDEFINED_ACTION_ON	158248
95523	INHIBITOR	156960
59889	AGONIST	159740
108001	HAS_UNDEFINED_ACTION_ON	65379
81140	INHIBITOR	3582
74546	POTENTIATOR	116506
87798	POTENTIATOR	118161
42430	ANTAGONIST	159764
100279	HAS_UNDEFINED_ACTION_ON	148670
66242	HAS_UNDEFINED_ACTION_ON	77818
106780	ANTAGONIST	69498
89540	ANTAGONIST;AGONIST	157622
57605	ANTAGONIST	56962
74560	HAS_UNDEFINED_ACTION_ON	145952
96040	ANTAGONIST	160110
107942	HAS_UNDEFINED_ACTION_ON	158772
67889	HAS_UNDEFINED_ACTION_ON	98643
87776	POTENTIATOR	132404
57586	HAS_UNDEFINED_ACTION_ON	158346
66313	INHIBITOR	142543
89463	AGONIST	18140
87819	ANTAGONIST	157974
59822	INHIBITOR	130586
99031	AGONIST	161365
73840	HAS_UNDEFINED_ACTION_ON	129164
106774	HAS_UNDEFINED_ACTION_ON	160858
74644	HAS_UNDEFINED_ACTION_ON	67242
100338	HAS_UNDEFINED_ACTION_ON	3550
42521	HAS_UNDEFINED_ACTION_ON	132641
98925	ANTAGONIST	154933
82281	HAS_UNDEFINED_ACTION_ON	161503
76880	INHIBITOR	155777
87819	ANTAGONIST	161365
100352	HAS_UNDEFINED_ACTION_ON	140931
91929	BLOCKER	150607
91806	HAS_UNDEFINED_ACTION_ON	112361
71596	INHIBITOR	72455
66313	INHIBITOR	69461
83523	POSITIVE ALLOSTERIC MODULATOR	89945
57592	ANTAGONIST	138007
89458	HAS_UNDEFINED_ACTION_ON	110177
91965	POTENTIATOR	65297
85260	BINDER	145941
87649	POSITIVE ALLOSTERIC MODULATOR	94795
87791	INHIBITOR	52932
66271	ANTAGONIST	157622
66285	HAS_UNDEFINED_ACTION_ON	141249
67916	BINDER	158418
59809	HAS_UNDEFINED_ACTION_ON	130643
59938	HAS_UNDEFINED_ACTION_ON	142696
66313	INHIBITOR	48931
78120	INHIBITOR	120812
79361	HAS_UNDEFINED_ACTION_ON	65112
87649	POSITIVE ALLOSTERIC MODULATOR	132577
69271	POSITIVE ALLOSTERIC MODULATOR	145941
81139	AGONIST	49093
66207	AGONIST	146134
99051	LIGAND	94682
81112	POSITIVE ALLOSTERIC MODULATOR	74886
97770	POSITIVE ALLOSTERIC MODULATOR	118161
62119	HAS_UNDEFINED_ACTION_ON	48982
81049	INHIBITOR	120859
97890	HAS_UNDEFINED_ACTION_ON	100805
99073	INHIBITOR	114138
74524	LIGAND	106195
98964	HAS_UNDEFINED_ACTION_ON	43742
91807	HAS_UNDEFINED_ACTION_ON	75224
95353	INHIBITOR	127080
79218	INHIBITOR	137597
69135	ANTAGONIST;AGONIST	61659
103821	INHIBITOR	159247
42514	HAS_UNDEFINED_ACTION_ON	80009
74588	LIGAND	92658
59811	ANTAGONIST	118161
42379	HAS_UNDEFINED_ACTION_ON	157677
76910	HAS_UNDEFINED_ACTION_ON	144616
81112	POSITIVE ALLOSTERIC MODULATOR	116506
59904	AGONIST	150352
66104	HAS_UNDEFINED_ACTION_ON	137817
104331	AGONIST	150352
66313	INHIBITOR	106169
93007	AGONIST	158135
93120	ANTAGONIST	69498
85260	BINDER	74886
102063	HAS_UNDEFINED_ACTION_ON	75050
91824	INHIBITOR	112281
85968	ACTIVATOR	158071
90131	HAS_UNDEFINED_ACTION_ON	94539
70928	HAS_UNDEFINED_ACTION_ON	159952
74554	AGONIST	142526
87649	POSITIVE ALLOSTERIC MODULATOR	116506
79241	HAS_UNDEFINED_ACTION_ON	75224
83523	POTENTIATOR	52424
48558	AGONIST	161188
93155	INHIBITOR	125559
110969	HAS_UNDEFINED_ACTION_ON	37951
104303	INHIBITOR	65265
74574	HAS_UNDEFINED_ACTION_ON	116377
85891	POTENTIATOR	116506
97770	ANTAGONIST	159764
78120	BINDER	159822
110842	INHIBITOR	127077
71678	INHIBITOR	161159
104437	HAS_UNDEFINED_ACTION_ON	129309
63909	HAS_UNDEFINED_ACTION_ON	52644
24094	HAS_UNDEFINED_ACTION_ON	3429
102035	HAS_UNDEFINED_ACTION_ON	48924
78120	ANTAGONIST	157805
82331	INHIBITOR	135645
91894	POTENTIATOR	148785
89540	ANTAGONIST;AGONIST	160617
104495	HAS_UNDEFINED_ACTION_ON	116385
81169	OTHER/UNKNOWN	147853
79346	INHIBITOR	139830
85260	ANTAGONIST	160416
87748	ANTAGONIST	30282
106780	ANTAGONIST	130771
66313	INHIBITOR	3817
67970	ANTAGONIST	69498
73989	INHIBITOR	158489
69239	HAS_UNDEFINED_ACTION_ON	61564
68016	INHIBITOR	128997
57592	ANTAGONIST	157805
87786	HAS_UNDEFINED_ACTION_ON	147797
74587	HAS_UNDEFINED_ACTION_ON	135444
42507	POSITIVE ALLOSTERIC MODULATOR	158674
108058	HAS_UNDEFINED_ACTION_ON	157776
79361	HAS_UNDEFINED_ACTION_ON	112026
66271	ANTAGONIST	158135
109171	POSITIVE ALLOSTERIC MODULATOR	44088
69271	POTENTIATOR	118161
108105	HAS_UNDEFINED_ACTION_ON	3550
98995	HAS_UNDEFINED_ACTION_ON	18502
69249	ANTAGONIST	92658
81077	INHIBITOR	144287
68029	POSITIVE ALLOSTERIC MODULATOR	158674
86011	BINDER	157598
100199	AGONIST	158135
87635	INHIBITOR	100932
48592	HAS_UNDEFINED_ACTION_ON	137645
74006	AGONIST	129288
66313	INHIBITOR	128000
67972	AGONIST	69826
74518	INHIBITOR	44179
42486	BINDER	152553
110903	HAS_UNDEFINED_ACTION_ON	127069
79301	HAS_UNDEFINED_ACTION_ON	75249
71572	HAS_UNDEFINED_ACTION_ON	160939
54222	AGONIST;ACTIVATOR	114121
69164	POSITIVE ALLOSTERIC MODULATOR	116506
106735	BINDER	158135
89458	HAS_UNDEFINED_ACTION_ON	87095
66200	OTHER/UNKNOWN	100771
70943	ACTIVATOR	157776
24233	HAS_UNDEFINED_ACTION_ON	116806
110965	INHIBITOR	126829
99024	AGONIST	128240
69249	POSITIVE ALLOSTERIC MODULATOR	44088
54117	POSITIVE ALLOSTERIC MODULATOR	145941
97770	POSITIVE ALLOSTERIC MODULATOR	158674
71660	AGONIST	37951
82409	AGONIST	140931
57624	AGONIST	158135
87798	POTENTIATOR	145941
107994	HAS_UNDEFINED_ACTION_ON	83664
101982	HAS_UNDEFINED_ACTION_ON	3759
79279	HAS_UNDEFINED_ACTION_ON	127934
109150	AGONIST	96418
98992	HAS_UNDEFINED_ACTION_ON	98619
110884	INHIBITOR	161333
99135	HAS_UNDEFINED_ACTION_ON	159952
87684	POSITIVE ALLOSTERIC MODULATOR	94795
82349	HAS_UNDEFINED_ACTION_ON	144648
85990	AGONIST	132241
69142	BINDER	48803
67920	INHIBITOR	30346
87613	POTENTIATOR	89945
91772	HAS_UNDEFINED_ACTION_ON	87230
85891	ANTAGONIST	159764
24176	ANTAGONIST	61659
48592	HAS_UNDEFINED_ACTION_ON	155940
102043	INHIBITOR	127894
91937	ANTAGONIST	142687
106804	AGONIST	69826
93148	HAS_UNDEFINED_ACTION_ON	77570
102036	INHIBITOR	158321
108018	HAS_UNDEFINED_ACTION_ON	65265
106731	HAS_UNDEFINED_ACTION_ON	89945
73999	HAS_UNDEFINED_ACTION_ON	72493
24223	HAS_UNDEFINED_ACTION_ON	159952
67980	INHIBITOR	125503
24246	PRODUCT OF	90035
73970	HAS_UNDEFINED_ACTION_ON	89802
81169	ANTAGONIST	69498
62141	HAS_UNDEFINED_ACTION_ON	78003
98966	HAS_UNDEFINED_ACTION_ON	160303
66287	HAS_UNDEFINED_ACTION_ON	118057
66313	INHIBITOR	92636
70936	STIMULATOR	61305
91831	ANTAGONIST;AGONIST	158135
59783	OTHER/UNKNOWN	158135
87684	POSITIVE ALLOSTERIC MODULATOR	65297
66218	INHIBITOR	128963
109171	POSITIVE ALLOSTERIC MODULATOR	132577
66249	HAS_UNDEFINED_ACTION_ON	92563
87613	POTENTIATOR	142526
66197	HAS_UNDEFINED_ACTION_ON	157776
109143	HAS_UNDEFINED_ACTION_ON	158674
59822	ANTAGONIST	157974
73872	HAS_UNDEFINED_ACTION_ON	65404
63909	HAS_UNDEFINED_ACTION_ON	44056
57549	HAS_UNDEFINED_ACTION_ON	116597
104460	HAS_UNDEFINED_ACTION_ON	48609
107924	HAS_UNDEFINED_ACTION_ON	157491
67965	INHIBITOR	160939
100186	AGONIST	159877
66313	INHIBITOR	161438
82250	HAS_UNDEFINED_ACTION_ON	125503
57486	ANTAGONIST	147853
54159	POSITIVE ALLOSTERIC MODULATOR	65297
42557	INHIBITOR	161352
74029	POTENTIATOR	114160
76871	LIGAND	147612
110987	ANTAGONIST	128240
73970	HAS_UNDEFINED_ACTION_ON	159772
74705	HAS_UNDEFINED_ACTION_ON	98428
104332	POSITIVE ALLOSTERIC MODULATOR	65297
82391	INHIBITOR	127080
93007	AGONIST	48794
70447	HAS_UNDEFINED_ACTION_ON	130586
33144	HAS_UNDEFINED_ACTION_ON	158127
91929	ANTAGONIST	128240
59974	POSITIVE ALLOSTERIC MODULATOR	52424
62186	ANTAGONIST	69498
73875	HAS_UNDEFINED_ACTION_ON	158127
104437	HAS_UNDEFINED_ACTION_ON	57210
104398	HAS_UNDEFINED_ACTION_ON	159192
86042	HAS_UNDEFINED_ACTION_ON	146241
87678	HAS_UNDEFINED_ACTION_ON	96233
69271	POSITIVE ALLOSTERIC MODULATOR	44088
79240	INHIBITOR	18553
69291	INHIBITOR	65403
107903	ACTIVATOR	157776
71632	HAS_UNDEFINED_ACTION_ON	98394
57486	ANTAGONIST	114337
107925	POSITIVE ALLOSTERIC MODULATOR	65297
67916	ANTAGONIST	90002
110983	HAS_UNDEFINED_ACTION_ON	137597
71535	HAS_UNDEFINED_ACTION_ON	89776
78120	OTHER/UNKNOWN	116506
66207	AGONIST	158489
59978	HAS_UNDEFINED_ACTION_ON	127894
97770	POSITIVE ALLOSTERIC MODULATOR	116506
98925	POTENTIATOR	142526
93113	BINDER	158135
106778	HAS_UNDEFINED_ACTION_ON	128145
85331	AGONIST	158489
82251	HAS_UNDEFINED_ACTION_ON	159952
33104	AGONIST	158135
109193	ANTAGONIST	128240
69298	HAS_UNDEFINED_ACTION_ON	152543
24207	HAS_UNDEFINED_ACTION_ON	127080
95472	LIGAND	116354
76914	HAS_UNDEFINED_ACTION_ON	140232
107914	HAS_UNDEFINED_ACTION_ON	157459
97754	HAS_UNDEFINED_ACTION_ON	157475
48592	HAS_UNDEFINED_ACTION_ON	118066
99101	AGONIST	96611
110955	HAS_UNDEFINED_ACTION_ON	140957
106724	HAS_UNDEFINED_ACTION_ON	157677
71678	INHIBITOR	144281
79332	INHIBITOR	127080
66313	INHIBITOR	92322
104501	LIGAND	65297
54082	ANTAGONIST	157974
85891	POSITIVE ALLOSTERIC MODULATOR	132577
101986	INHIBITOR	135815
24057	HAS_UNDEFINED_ACTION_ON	161478
78120	POSITIVE ALLOSTERIC MODULATOR	92314
99128	HAS_UNDEFINED_ACTION_ON	130908
81049	INHIBITOR	156741
74645	INHIBITOR	89760
89435	INHIBITOR	72187
70944	INHIBITOR	129158
79410	ANTAGONIST	157805
89458	HAS_UNDEFINED_ACTION_ON	155777
33082	PRODUCT OF	89776
103753	HAS_UNDEFINED_ACTION_ON	83664
67979	HAS_UNDEFINED_ACTION_ON	92642
100319	HAS_UNDEFINED_ACTION_ON	139944
87783	HAS_UNDEFINED_ACTION_ON	128923
107925	POSITIVE ALLOSTERIC MODULATOR	116506
107995	HAS_UNDEFINED_ACTION_ON	69580
42465	COFACTOR	137822
98995	HAS_UNDEFINED_ACTION_ON	98548
74518	INHIBITOR	153540
74587	HAS_UNDEFINED_ACTION_ON	160498
104437	HAS_UNDEFINED_ACTION_ON	52796
95430	INHIBITOR	157653
24222	INVERSE AGONIST	160432
96089	INHIBITOR	114506
86042	HAS_UNDEFINED_ACTION_ON	116806
68087	POTENTIATOR	142526
95417	INHIBITOR	128963
93056	POSITIVE ALLOSTERIC MODULATOR	92314
99023	HAS_UNDEFINED_ACTION_ON	161373
76914	HAS_UNDEFINED_ACTION_ON	94505
71632	HAS_UNDEFINED_ACTION_ON	152543
93105	ANTAGONIST;AGONIST	160617
74588	LIGAND	157805
91894	POSITIVE ALLOSTERIC MODULATOR	89945
71603	INHIBITOR	125503
109171	POSITIVE ALLOSTERIC MODULATOR	30475
89540	ANTAGONIST;AGONIST	106378
99010	PARTIAL AGONIST	142696
69249	POTENTIATOR	30475
81194	INHIBITOR	65129
76850	HAS_UNDEFINED_ACTION_ON	92634
87733	INHIBITOR	144416
74644	HAS_UNDEFINED_ACTION_ON	138007
102077	ANTAGONIST	114444
73815	HAS_UNDEFINED_ACTION_ON	105946
104423	HAS_UNDEFINED_ACTION_ON	130771
90136	HAS_UNDEFINED_ACTION_ON	130586
42415	ANTAGONIST	69826
73970	HAS_UNDEFINED_ACTION_ON	102484
69135	ANTAGONIST;AGONIST	48803
54222	INHIBITOR	96363
97866	HAS_UNDEFINED_ACTION_ON	126839
83536	ANTAGONIST	48803
86010	HAS_UNDEFINED_ACTION_ON	67482
66287	HAS_UNDEFINED_ACTION_ON	132339
66197	HAS_UNDEFINED_ACTION_ON	154909
81077	BINDER	127029
62201	INHIBITOR	43774
100271	INHIBITOR	72107
104437	HAS_UNDEFINED_ACTION_ON	161261
106698	MODULATOR	135621
79269	INHIBITOR	80203
69271	POTENTIATOR	44088
85905	INHIBITOR	129011
79357	AGONIST;PARTIAL AGONIST	158489
62240	HAS_UNDEFINED_ACTION_ON	114444
87685	ANTAGONIST	128240
69254	HAS_UNDEFINED_ACTION_ON	121044
85892	AGONIST	75240
73970	HAS_UNDEFINED_ACTION_ON	30298
42465	COFACTOR	52818
104501	LIGAND	30475
74621	ANTAGONIST	114337
73949	INHIBITOR	43737
79279	HAS_UNDEFINED_ACTION_ON	43823
42570	HAS_UNDEFINED_ACTION_ON	106378
106780	ANTAGONIST	152623
54055	HAS_UNDEFINED_ACTION_ON	94886
24246	PRODUCT OF	156775
24070	ANTAGONIST	30282
106833	OTHER	153655
66313	INHIBITOR	114491
67906	HAS_UNDEFINED_ACTION_ON	140144
82330	HAS_UNDEFINED_ACTION_ON	127984
91824	INHIBITOR	156775
74628	INHIBITOR	127894
89523	HAS_UNDEFINED_ACTION_ON	98619
107961	NEGATIVE MODULATOR	130586
103815	INHIBITOR	125288
91834	HAS_UNDEFINED_ACTION_ON	126749
83495	HAS_UNDEFINED_ACTION_ON	157677
93056	POSITIVE ALLOSTERIC MODULATOR	65297
93155	INHIBITOR	89567
97762	INHIBITOR	77626
24231	ANTAGONIST	158135
24140	HAS_UNDEFINED_ACTION_ON	52416
79361	HAS_UNDEFINED_ACTION_ON	75248
91934	HAS_UNDEFINED_ACTION_ON	137967
42465	INHIBITOR	157944
79361	HAS_UNDEFINED_ACTION_ON	123704
66218	HAS_UNDEFINED_ACTION_ON	150352
71639	HAS_UNDEFINED_ACTION_ON	102621
59938	HAS_UNDEFINED_ACTION_ON	114121
95331	COFACTOR	159531
89492	INHIBITOR	65403
73970	HAS_UNDEFINED_ACTION_ON	3453
69285	HAS_UNDEFINED_ACTION_ON	160916
82275	INHIBITOR	132268
87645	INHIBITOR	153540
106635	INHIBITOR	160110
91958	POTENTIATOR	132577
66313	INHIBITOR	43774
106699	POSITIVE ALLOSTERIC MODULATOR	145941
69277	INHIBITOR	159182
98992	HAS_UNDEFINED_ACTION_ON	116353
57450	ANTAGONIST	128240
104381	INHIBITOR	52416
67987	HAS_UNDEFINED_ACTION_ON	114202
63949	ANTAGONIST	152623
59890	INHIBITOR	146023
66249	BINDER	18021
76921	HAS_UNDEFINED_ACTION_ON	98289
73970	HAS_UNDEFINED_ACTION_ON	67186
102091	UNKNOWN	157677
90167	HAS_UNDEFINED_ACTION_ON	77555
93155	INHIBITOR	102241
85898	AGONIST	152795
79289	HAS_UNDEFINED_ACTION_ON	154853
85231	INHIBITOR	130908
66235	INHIBITOR	98772
66313	INHIBITOR	72147
110903	HAS_UNDEFINED_ACTION_ON	120835
81139	AGONIST	127950
70944	INHIBITOR	30501
103821	INHIBITOR	56962
59783	AGONIST	130771
106635	INHIBITOR	94795
66313	INHIBITOR	161368
106663	HAS_UNDEFINED_ACTION_ON	120891
91902	HAS_UNDEFINED_ACTION_ON	87230
95397	HAS_UNDEFINED_ACTION_ON	44177
85298	HAS_UNDEFINED_ACTION_ON	78003
69292	POTENTIATOR	44088
33055	ANTAGONIST	127029
66287	HAS_UNDEFINED_ACTION_ON	153730
66173	HAS_UNDEFINED_ACTION_ON	156101
57592	ANTAGONIST	130771
97890	INDUCER	157790
42571	INHIBITOR	144416
91958	POTENTIATOR	114160
89434	ACTIVATOR	154920
104459	AGONIST	44018
48052	HAS_UNDEFINED_ACTION_ON	128249
110903	HAS_UNDEFINED_ACTION_ON	117984
91756	HAS_UNDEFINED_ACTION_ON	96611
95479	ANTAGONIST	65297
33095	HAS_UNDEFINED_ACTION_ON	3641
66249	HAS_UNDEFINED_ACTION_ON	96387
100318	HAS_UNDEFINED_ACTION_ON	140931
99031	INDUCER	125503
106804	AGONIST	37951
95472	LIGAND	148784
93064	HAS_UNDEFINED_ACTION_ON	120891
76939	HAS_UNDEFINED_ACTION_ON	69474
33016	HAS_UNDEFINED_ACTION_ON	116353
106847	BINDER	112322
42415	INHIBITOR	30475
69298	HAS_UNDEFINED_ACTION_ON	96161
66249	HAS_UNDEFINED_ACTION_ON	155754
109150	AGONIST	138007
98995	HAS_UNDEFINED_ACTION_ON	30050
66165	ANTAGONIST	157974
42507	POSITIVE ALLOSTERIC MODULATOR	94795
81011	HAS_UNDEFINED_ACTION_ON	159952
93060	HAS_UNDEFINED_ACTION_ON	156766
93170	POTENTIATOR	118161
66256	HAS_UNDEFINED_ACTION_ON	52789
73813	HAS_UNDEFINED_ACTION_ON	61659
89420	HAS_UNDEFINED_ACTION_ON	98581
87613	POSITIVE ALLOSTERIC MODULATOR	74886
82324	HAS_UNDEFINED_ACTION_ON	61659
104392	HAS_UNDEFINED_ACTION_ON	147604
74575	ANTAGONIST	161365
106781	HAS_UNDEFINED_ACTION_ON	43832
93166	PARTIAL AGONIST	65297
76935	INHIBITOR	156960
87819	ANTAGONIST	30282
24092	HAS_UNDEFINED_ACTION_ON	48651
91746	INHIBITOR	30346
89540	ANTAGONIST;AGONIST	160416
103749	HAS_UNDEFINED_ACTION_ON	18272
33090	AGONIST	61168
57450	ANTAGONIST	157974
91940	HAS_UNDEFINED_ACTION_ON	140144
74554	AGONIST	65297
91886	ACTIVATOR	158071
106663	HAS_UNDEFINED_ACTION_ON	102122
106663	HAS_UNDEFINED_ACTION_ON	160063
42571	INHIBITOR	148929
73970	HAS_UNDEFINED_ACTION_ON	161029
89473	HAS_UNDEFINED_ACTION_ON	96402
82301	HAS_UNDEFINED_ACTION_ON	126836
24104	ANTAGONIST	150352
102063	HAS_UNDEFINED_ACTION_ON	114364
95397	HAS_UNDEFINED_ACTION_ON	65289
82249	HAS_UNDEFINED_ACTION_ON	3727
85317	INHIBITOR	77949
73970	HAS_UNDEFINED_ACTION_ON	139777
79289	HAS_UNDEFINED_ACTION_ON	128963
76871	LIGAND	147730
66244	HAS_UNDEFINED_ACTION_ON	75224
100376	HAS_UNDEFINED_ACTION_ON	159764
98995	HAS_UNDEFINED_ACTION_ON	159285
93204	ANTAGONIST	142526
97832	INHIBITOR	78011
107903	COFACTOR	112412
79361	HAS_UNDEFINED_ACTION_ON	146095
66306	HAS_UNDEFINED_ACTION_ON	96146
87662	REGULATOR	78003
106635	INHIBITOR	65297
100223	INHIBITOR	75224
73908	BINDER	127029
76921	ANTIBODY	75023
104437	HAS_UNDEFINED_ACTION_ON	132322
110860	INHIBITOR	80099
87619	HAS_UNDEFINED_ACTION_ON	114136
103771	ANTAGONIST	30282
95452	POSITIVE ALLOSTERIC MODULATOR	52424
97770	POSITIVE ALLOSTERIC MODULATOR	52424
101975	HAS_UNDEFINED_ACTION_ON	116353
69276	AGONIST	159764
68029	POSITIVE ALLOSTERIC MODULATOR	147746
81098	AGONIST	157974
80984	COFACTOR	98606
66313	INHIBITOR	116596
108654	ANTAGONIST	130771
93155	INHIBITOR	127069
82397	INHIBITOR	156728
106818	ANTAGONIST	144304
78084	UNKNOWN	130771
74546	ANTAGONIST	154933
106706	INHIBITOR	158997
54124	INHIBITOR	83553
99136	BLOCKER	148929
62215	BINDER	125503
93170	POTENTIATOR	132577
97872	HAS_UNDEFINED_ACTION_ON	61564
68071	HAS_UNDEFINED_ACTION_ON	69461
87662	INHIBITOR	157911
24253	HAS_UNDEFINED_ACTION_ON	69802
48592	HAS_UNDEFINED_ACTION_ON	56825
79345	AGONIST	157974
42515	AGONIST	158135
54173	ANTAGONIST	100771
71660	AGONIST	69826
97844	AGONIST	157974
87639	HAS_UNDEFINED_ACTION_ON	69443
85981	HAS_UNDEFINED_ACTION_ON	150253
79361	HAS_UNDEFINED_ACTION_ON	152497
66179	INHIBITOR	127080
93126	HAS_UNDEFINED_ACTION_ON	161077
106691	BINDER	156010
59904	HAS_UNDEFINED_ACTION_ON	150422
73838	HAS_UNDEFINED_ACTION_ON	156775
79254	COFACTOR	98524
57550	INHIBITOR	156741
42479	ANTAGONIST	128240
103790	INHIBITOR	153540
66249	HAS_UNDEFINED_ACTION_ON	110130
76893	POTENTIATOR	132404
79361	COFACTOR	78027
110891	HAS_UNDEFINED_ACTION_ON	152827
54172	HAS_UNDEFINED_ACTION_ON	69443
63903	POTENTIATOR	132577
83523	POSITIVE ALLOSTERIC MODULATOR	114160
91803	HAS_UNDEFINED_ACTION_ON	83575
74709	INHIBITOR	52416
81179	ANTAGONIST	69826
69250	POTENTIATOR	30475
100297	HAS_UNDEFINED_ACTION_ON	156775
66313	INHIBITOR	69514
79382	INHIBITOR	141249
95366	INHIBITOR	126903
59938	HAS_UNDEFINED_ACTION_ON	130554
95381	HAS_UNDEFINED_ACTION_ON	67482
42465	COFACTOR	120998
76982	ANTAGONIST	129317
106706	OTHER/UNKNOWN	128963
100285	HAS_UNDEFINED_ACTION_ON	132241
81111	COFACTOR	87095
100376	HAS_UNDEFINED_ACTION_ON	18333
33027	INHIBITOR	116354
81162	ANTAGONIST	96635
91816	ANTAGONIST	72525
71535	HAS_UNDEFINED_ACTION_ON	3582
87684	POSITIVE ALLOSTERIC MODULATOR	118161
100168	HAS_UNDEFINED_ACTION_ON	61564
79311	ANTAGONIST	142687
93204	ANTAGONIST	89945
57599	ANTAGONIST	128240
95480	INHIBITOR	125503
73957	OTHER	3503
68015	HAS_UNDEFINED_ACTION_ON	69802
95452	POSITIVE ALLOSTERIC MODULATOR	92314
69214	ANTAGONIST	154933
85828	INHIBITOR	150206
91831	ANTAGONIST;AGONIST	48794
74525	INHIBITOR	30346
104332	POSITIVE ALLOSTERIC MODULATOR	132577
93060	HAS_UNDEFINED_ACTION_ON	3759
24048	INHIBITOR	130586
57549	HAS_UNDEFINED_ACTION_ON	72166
54159	POSITIVE ALLOSTERIC MODULATOR	132577
87613	POSITIVE ALLOSTERIC MODULATOR	30475
74560	HAS_UNDEFINED_ACTION_ON	157459
62169	HAS_UNDEFINED_ACTION_ON	156967
33054	HAS_UNDEFINED_ACTION_ON	61274
67952	INHIBITOR	158859
100319	HAS_UNDEFINED_ACTION_ON	157396
66249	HAS_UNDEFINED_ACTION_ON	44043
71596	INHIBITOR	159893
85877	POSITIVE MODULATOR	94795
66194	HAS_UNDEFINED_ACTION_ON	98619
57549	HAS_UNDEFINED_ACTION_ON	130508
104516	INHIBITOR	52416
63882	POSITIVE ALLOSTERIC MODULATOR	142526
69185	BINDER	154853
89492	INHIBITOR	132443
93166	PARTIAL AGONIST	158674
91900	HAS_UNDEFINED_ACTION_ON	72501
110884	INHIBITOR	159539
93180	HAS_UNDEFINED_ACTION_ON	130964
57592	ANTAGONIST	152553
81020	ACTIVATOR	94811
81098	HAS_UNDEFINED_ACTION_ON	149040
33055	OTHER	142687
91939	HAS_UNDEFINED_ACTION_ON	98798
100214	POSITIVE ALLOSTERIC MODULATOR	118161
87645	HAS_UNDEFINED_ACTION_ON	52932
89421	ANTAGONIST	37951
74518	INHIBITOR	156741
68078	HAS_UNDEFINED_ACTION_ON	37951
81077	BINDER	114337
42428	HAS_UNDEFINED_ACTION_ON	158127
74537	HAS_UNDEFINED_ACTION_ON	158127
59938	HAS_UNDEFINED_ACTION_ON	140931
100178	INHIBITOR	77626
93166	PARTIAL AGONIST	44088
76939	HAS_UNDEFINED_ACTION_ON	18536
106706	INHIBITOR	157911
69186	POTENTIATOR	30475
66313	INHIBITOR	77626
107989	HAS_UNDEFINED_ACTION_ON	159764
68090	HAS_UNDEFINED_ACTION_ON	153704
66313	INHIBITOR	87008
63882	POSITIVE ALLOSTERIC MODULATOR	118161
81112	POSITIVE ALLOSTERIC MODULATOR	147746
68072	AGONIST	75240
106783	INHIBITOR	158127
71632	HAS_UNDEFINED_ACTION_ON	125358
81049	NEGATIVE MODULATOR	128963
93148	ANTAGONIST	157805
110958	AGONIST	69826
103750	HAS_UNDEFINED_ACTION_ON	30282
103750	HAS_UNDEFINED_ACTION_ON	112361
79254	HAS_UNDEFINED_ACTION_ON	30042
48558	AGONIST	92658
91797	HAS_UNDEFINED_ACTION_ON	78011
91937	ANTAGONIST	157974
71674	ANTAGONIST	92658
76893	POTENTIATOR	147746
78084	UNKNOWN	160432
99076	HAS_UNDEFINED_ACTION_ON	139814
73970	COFACTOR	159595
81090	BINDING	161029
79361	HAS_UNDEFINED_ACTION_ON	92642
69277	INHIBITOR	150407
83480	HAS_UNDEFINED_ACTION_ON	52949
66313	INHIBITOR	147916
76889	HAS_UNDEFINED_ACTION_ON	158489
63949	ANTAGONIST	130771
42585	ANTAGONIST	83985
69291	INHIBITOR	137880
99031	AGONIST	152623
91929	INHIBITOR	69509
24230	HAS_UNDEFINED_ACTION_ON	3429
24236	HAS_UNDEFINED_ACTION_ON	79993
100259	HAS_UNDEFINED_ACTION_ON	130964
73914	INHIBITOR	120812
93184	ANTAGONIST	158489
85962	AGONIST	160617
87741	INHIBITOR	110177
48592	HAS_UNDEFINED_ACTION_ON	142624
79324	ANTAGONIST	160617
95472	LIGAND	80115
42465	COFACTOR	120941
24222	INVERSE AGONIST	69498
62215	BINDER	37951
108067	HAS_UNDEFINED_ACTION_ON	140063
79361	HAS_UNDEFINED_ACTION_ON	98547
79261	HAS_UNDEFINED_ACTION_ON	80009
97819	POSITIVE ALLOSTERIC MODULATOR	92314
32971	HAS_UNDEFINED_ACTION_ON	78003
78090	INHIBITOR	161159
110842	ACTIVATOR	18293
24058	INHIBITOR	92748
71674	ANTAGONIST	3574
97770	POSITIVE ALLOSTERIC MODULATOR	44088
95472	LIGAND	160102
97770	POSITIVE ALLOSTERIC MODULATOR	132577
82441	HAS_UNDEFINED_ACTION_ON	3429
87783	HAS_UNDEFINED_ACTION_ON	159558
99031	HAS_UNDEFINED_ACTION_ON	90002
87733	ANTAGONIST	144393
79261	HAS_UNDEFINED_ACTION_ON	94505
67926	HAS_UNDEFINED_ACTION_ON	61345
95366	HAS_UNDEFINED_ACTION_ON	146039
71604	HAS_UNDEFINED_ACTION_ON	3550
95551	ANTAGONIST	128240
97857	HAS_UNDEFINED_ACTION_ON	141355
79311	ANTAGONIST	110217
59938	HAS_UNDEFINED_ACTION_ON	43879
107899	HAS_UNDEFINED_ACTION_ON	146039
69285	HAS_UNDEFINED_ACTION_ON	96491
62151	POSITIVE ALLOSTERIC MODULATOR	44088
96078	HAS_UNDEFINED_ACTION_ON	77916
98995	HAS_UNDEFINED_ACTION_ON	98289
42521	HAS_UNDEFINED_ACTION_ON	44056
69257	POTENTIATOR	92314
69260	BINDER	3630
93203	HAS_UNDEFINED_ACTION_ON	157677
95472	LIGAND	150640
99059	INHIBITOR	61193
79367	INHIBITOR	153648
74574	HAS_UNDEFINED_ACTION_ON	102450
110987	ANTAGONIST	127029
81077	BINDER	161365
108001	HAS_UNDEFINED_ACTION_ON	65041
74518	INHIBITOR	139944
48564	INDUCER	118346
109158	POTENTIATOR	44088
97819	POTENTIATOR	145941
81091	INHIBITOR	72187
110915	HAS_UNDEFINED_ACTION_ON	120666
97812	ANTAGONIST	69826
91816	BINDER	132241
95486	AGONIST	158876
109129	ANTAGONIST	67249
93007	AGONIST	114444
66093	AGONIST	44018
97819	POSITIVE ALLOSTERIC MODULATOR	94795
110842	INHIBITOR	43774
69292	POTENTIATOR	94795
103808	POSITIVE ALLOSTERIC MODULATOR	52424
80984	HAS_UNDEFINED_ACTION_ON	158127
95472	LIGAND	141252
79280	HAS_UNDEFINED_ACTION_ON	155972
93113	AGONIST	69498
97847	ANTAGONIST	137645
110838	INHIBITOR	130586
80993	HAS_UNDEFINED_ACTION_ON	116715
81098	ANTAGONIST	160617
91901	ANTAGONIST	142687
76930	HAS_UNDEFINED_ACTION_ON	98619
74574	HAS_UNDEFINED_ACTION_ON	98289
79361	COFACTOR	80082
42465	COFACTOR	144433
104303	AGONIST	78003
93056	POSITIVE ALLOSTERIC MODULATOR	52424
108067	HAS_UNDEFINED_ACTION_ON	92378
89434	ACTIVATOR	3545
85877	POSITIVE MODULATOR	116506
93007	AGONIST	160432
106663	HAS_UNDEFINED_ACTION_ON	61498
69249	POSITIVE ALLOSTERIC MODULATOR	92314
76893	POTENTIATOR	114160
99106	HAS_UNDEFINED_ACTION_ON	61659
97812	ANTAGONIST	158135
91831	ANTAGONIST;AGONIST	157622
85925	HAS_UNDEFINED_ACTION_ON	159952
107931	INHIBITOR	52932
62202	ANTAGONIST	94489
91753	ANTAGONIST	90002
85983	INHIBITOR	144609
90113	HAS_UNDEFINED_ACTION_ON	144633
42571	INHIBITOR	159182
71575	OTHER/UNKNOWN	61152
66173	HAS_UNDEFINED_ACTION_ON	61298
90131	HAS_UNDEFINED_ACTION_ON	153841
97803	HAS_UNDEFINED_ACTION_ON	144619
87797	INHIBITOR	120812
100178	INHIBITOR	132250
79240	INHIBITOR	147915
48592	HAS_UNDEFINED_ACTION_ON	147604
66313	INHIBITOR	118291
104477	ANTAGONIST	144392
104402	HAS_UNDEFINED_ACTION_ON	130972
91922	AGONIST	109839
85898	AGONIST	154920
76982	ANTAGONIST	92658
87733	ANTAGONIST	80237
82331	INHIBITOR	123405
106677	HAS_UNDEFINED_ACTION_ON	142850
68079	OTHER/UNKNOWN	140144
91929	AGONIST	150352
81126	ANTAGONIST	37951
107979	HAS_UNDEFINED_ACTION_ON	3550
91781	ANTAGONIST;INHIBITOR	120859
66222	ANTAGONIST	158489
83501	INHIBITOR	30306
101971	INHIBITOR	52416
76977	ANTAGONIST	37951
91789	HAS_UNDEFINED_ACTION_ON	57132
106635	INHIBITOR	106378
110853	OTHER/UNKNOWN	102273
93041	HAS_UNDEFINED_ACTION_ON	125229
76893	POTENTIATOR	142526
63903	POTENTIATOR	44088
93148	HAS_UNDEFINED_ACTION_ON	94795
62151	POTENTIATOR	116506
81126	ANTAGONIST	161365
97819	POTENTIATOR	30475
95359	INHIBITOR	125181
99115	HAS_UNDEFINED_ACTION_ON	160303
109171	ANTAGONIST	154933
91908	INHIBITOR	37985
87733	ANTAGONIST	94837
104296	HAS_UNDEFINED_ACTION_ON	145952
59822	ANTAGONIST	158135
85863	ANTAGONIST	161365
73949	INHIBITOR	110204
100242	HAS_UNDEFINED_ACTION_ON	18502
57649	HAS_UNDEFINED_ACTION_ON	83752
66260	HAS_UNDEFINED_ACTION_ON	77626
85302	HAS_UNDEFINED_ACTION_ON	130734
48564	ANTAGONIST	139776
66313	INHIBITOR	61395
54159	POSITIVE ALLOSTERIC MODULATOR	92314
68019	HAS_UNDEFINED_ACTION_ON	61659
101971	INHIBITOR	30346
87626	HAS_UNDEFINED_ACTION_ON	156075
95500	ANTAGONIST	139944
79361	HAS_UNDEFINED_ACTION_ON	128942
89476	HAS_UNDEFINED_ACTION_ON	75224
57457	HAS_UNDEFINED_ACTION_ON	106378
110899	HAS_UNDEFINED_ACTION_ON	98643
100199	AGONIST	69826
69171	INHIBITOR	159822
42415	ANTAGONIST	110217
59794	HAS_UNDEFINED_ACTION_ON	65265
97818	HAS_UNDEFINED_ACTION_ON	3630
42465	COFACTOR	74968
95472	LIGAND	61155
100201	AGONIST	130894
82994	HAS_UNDEFINED_ACTION_ON	118338
63934	INHIBITOR	67345
100383	COFACTOR	158772
104303	INHIBITOR	141402
66313	INHIBITOR	142727
62215	BINDER	157622
93064	HAS_UNDEFINED_ACTION_ON	61659
95472	LIGAND	52588
87798	POTENTIATOR	114160
106742	INHIBITOR	153841
33012	POSITIVE ALLOSTERIC MODULATOR	118161
81169	ANTAGONIST	130771
95500	ANTAGONIST	148929
91831	ANTAGONIST;AGONIST	112361
98966	HAS_UNDEFINED_ACTION_ON	116377
85891	POSITIVE ALLOSTERIC MODULATOR	30475
24098	INHIBITOR	72293
82409	AGONIST	125480
66249	HAS_UNDEFINED_ACTION_ON	142833
108001	HAS_UNDEFINED_ACTION_ON	43832
106847	ANTAGONIST	125229
91787	BINDER	148937
48558	ANTAGONIST	44088
79361	HAS_UNDEFINED_ACTION_ON	147436
24098	INHIBITOR	144593
66197	HAS_UNDEFINED_ACTION_ON	157199
79361	HAS_UNDEFINED_ACTION_ON	98289
108001	HAS_UNDEFINED_ACTION_ON	86926
59809	AGONIST	159740
82240	ANTAGONIST	158489
102071	INHIBITOR	144416
103764	AGONIST	48866
81073	HAS_UNDEFINED_ACTION_ON	110194
93066	HAS_UNDEFINED_ACTION_ON	61184
91780	BINDER	37822
81055	HAS_UNDEFINED_ACTION_ON	117947
42497	HAS_UNDEFINED_ACTION_ON	49124
74621	ANTAGONIST	30282
82321	HAS_UNDEFINED_ACTION_ON	137645
87685	ANTAGONIST	30282
103790	INHIBITOR	144490
106635	INHIBITOR	92314
91894	POTENTIATOR	142526
91958	POTENTIATOR	65297
73970	HAS_UNDEFINED_ACTION_ON	148646
108044	BINDER	72238
87645	HAS_UNDEFINED_ACTION_ON	142687
24058	BLOCKER	96638
81005	AGONIST	69826
42415	ANTAGONIST	150607
85941	AGONIST	48794
95452	POTENTIATOR	44088
66249	HAS_UNDEFINED_ACTION_ON	137606
24098	INHIBITOR	98619
110930	POSITIVE ALLOSTERIC MODULATOR	158674
33055	ANTAGONIST	30282
24119	POSITIVE ALLOSTERIC MODULATOR	158674
66120	HAS_UNDEFINED_ACTION_ON	18030
66249	HAS_UNDEFINED_ACTION_ON	118275
62215	ANTAGONIST	160432
74582	INHIBITOR	158321
87776	POTENTIATOR	145941
24048	ANTAGONIST	69498
110926	HAS_UNDEFINED_ACTION_ON	154853
85197	AGONIST	142687
81055	HAS_UNDEFINED_ACTION_ON	92804
59835	HAS_UNDEFINED_ACTION_ON	75081
57626	ANTAGONIST	127029
63935	HAS_UNDEFINED_ACTION_ON	75249
68087	ANTAGONIST	138007
59891	HAS_UNDEFINED_ACTION_ON	86990
59831	HAS_UNDEFINED_ACTION_ON	75249
66197	HAS_UNDEFINED_ACTION_ON	44080
101976	HAS_UNDEFINED_ACTION_ON	83575
91831	ANTAGONIST;AGONIST	146134
100242	HAS_UNDEFINED_ACTION_ON	116377
93204	ANTAGONIST	92314
73970	HAS_UNDEFINED_ACTION_ON	57300
68097	HAS_UNDEFINED_ACTION_ON	148799
102077	ANTAGONIST	160617
42544	INHIBITOR	155777
33055	BINDER	69826
102025	HAS_UNDEFINED_ACTION_ON	94634
87706	AGONIST	158135
69327	AGONIST	150352
74595	AGONIST;POSITIVE ALLOSTERIC MODULATOR	145941
81084	OTHER/UNKNOWN	52416
102057	POTENTIATOR	160804
97819	POSITIVE ALLOSTERIC MODULATOR	118161
57549	HAS_UNDEFINED_ACTION_ON	137637
73970	HAS_UNDEFINED_ACTION_ON	18430
104430	PRODUCT OF	102629
83530	ANTAGONIST	159052
78120	OTHER/UNKNOWN	100941
87651	HAS_UNDEFINED_ACTION_ON	89776
48564	ANTAGONIST	83738
106664	HAS_UNDEFINED_ACTION_ON	72364
109173	HAS_UNDEFINED_ACTION_ON	61659
74588	LIGAND	18293
66313	INHIBITOR	153703
97829	AGONIST	157622
82409	INHIBITOR	120989
48592	HAS_UNDEFINED_ACTION_ON	145869
100291	UNKNOWN	125229
95479	ANTAGONIST	52424
69163	INHIBITOR	109823
42570	ANTAGONIST	69826
85939	HAS_UNDEFINED_ACTION_ON	61659
82438	HAS_UNDEFINED_ACTION_ON	61659
54187	ANTAGONIST	157974
66231	HAS_UNDEFINED_ACTION_ON	43742
24041	INHIBITOR	110058
66249	HAS_UNDEFINED_ACTION_ON	161085
85245	ANTAGONIST	158489
24147	AGONIST	75240
85210	ANTAGONIST	128240
99069	INDUCER	125181
66249	HAS_UNDEFINED_ACTION_ON	116604
74698	HAS_UNDEFINED_ACTION_ON	30306
82293	HAS_UNDEFINED_ACTION_ON	18053
42415	ANTAGONIST	106378
93021	INHIBITOR	116385
54180	INHIBITOR	120893
93041	HAS_UNDEFINED_ACTION_ON	102450
95472	LIGAND	75145
100213	HAS_UNDEFINED_ACTION_ON	159385
73876	HAS_UNDEFINED_ACTION_ON	157596
106755	INHIBITOR	153531
110950	INHIBITOR	128963
54117	POSITIVE ALLOSTERIC MODULATOR	158674
78120	POSITIVE ALLOSTERIC MODULATOR	132577
104417	INHIBITOR	3582
69285	HAS_UNDEFINED_ACTION_ON	61281
91831	ANTAGONIST;AGONIST	160416
78087	HAS_UNDEFINED_ACTION_ON	128240
73970	HAS_UNDEFINED_ACTION_ON	137975
109178	INHIBITOR	125366
59839	LIGAND	94481
82258	AGONIST	160297
95472	LIGAND	57116
24261	INHIBITOR	43823
93105	ANTAGONIST;AGONIST	152623
69186	AGONIST	65297
69257	POTENTIATOR	132577
87662	REGULATOR	157167
91787	INHIBITOR	137645
104332	POSITIVE ALLOSTERIC MODULATOR	30475
57592	INHIBITOR	3582
91855	HAS_UNDEFINED_ACTION_ON	127080
62115	HAS_UNDEFINED_ACTION_ON	161029
73817	HAS_UNDEFINED_ACTION_ON	69443
63882	POSITIVE ALLOSTERIC MODULATOR	147746
93105	ANTAGONIST	90002
96089	INHIBITOR	135653
62215	BINDER	127029
66271	ANTAGONIST	69498
74560	HAS_UNDEFINED_ACTION_ON	150433
74644	ACTIVATOR	157396
33111	HAS_UNDEFINED_ACTION_ON	94523
57499	ACTIVATOR	132668
103757	ANTAGONIST	94634
24161	HAS_UNDEFINED_ACTION_ON	44080
106678	INHIBITOR	127080
66249	HAS_UNDEFINED_ACTION_ON	161389
106720	AGONIST	160617
108089	HAS_UNDEFINED_ACTION_ON	18399
66287	HAS_UNDEFINED_ACTION_ON	155754
91797	HAS_UNDEFINED_ACTION_ON	160641
109129	ANTAGONIST;MULTITARGET	18053
87791	INHIBITOR	157911
106728	HAS_UNDEFINED_ACTION_ON	158859
108092	HAS_UNDEFINED_ACTION_ON	158127
76906	INHIBITOR	30346
100319	HAS_UNDEFINED_ACTION_ON	114121
102070	AGONIST	129311
62215	BINDER	129134
103744	INHIBITOR	150456
32977	INHIBITOR	61184
102035	HAS_UNDEFINED_ACTION_ON	137817
42521	HAS_UNDEFINED_ACTION_ON	3719
59833	INHIBITOR	89776
66214	ANTAGONIST	132241
63882	POSITIVE ALLOSTERIC MODULATOR	158674
54158	INHIBITOR	142520
97828	HAS_UNDEFINED_ACTION_ON	30122
81139	AGONIST	148799
104318	POTENTIATOR	30475
97820	HAS_UNDEFINED_ACTION_ON	147596
93204	ANTAGONIST	44088
106713	INHIBITOR	30346
96075	ANTAGONIST	138007
93212	ANTAGONIST	128240
79254	HAS_UNDEFINED_ACTION_ON	65065
69186	POTENTIATOR	44088
102006	HAS_UNDEFINED_ACTION_ON	152521
69249	ANTAGONIST	157805
24219	HAS_UNDEFINED_ACTION_ON	92787
69278	ANTAGONIST	69498
96054	INDUCER	120891
87670	ANTAGONIST	157974
66313	INHIBITOR	128039
33016	HAS_UNDEFINED_ACTION_ON	127950
110838	ANTAGONIST	160432
24219	HAS_UNDEFINED_ACTION_ON	105992
71614	AGONIST	69826
67930	INHIBITOR	152527
48592	HAS_UNDEFINED_ACTION_ON	44154
97784	AGONIST	150352
96068	INHIBITOR	137597
79361	HAS_UNDEFINED_ACTION_ON	158280
63882	POSITIVE ALLOSTERIC MODULATOR	145941
59770	HAS_UNDEFINED_ACTION_ON	110273
79279	HAS_UNDEFINED_ACTION_ON	117984
68072	ANTAGONIST	142687
33055	ANTAGONIST	157974
108654	ANTAGONIST	146145
83537	BINDER	123479
104484	HAS_UNDEFINED_ACTION_ON	123566
91816	ANTAGONIST	100771
76963	ANTAGONIST	158489
91900	HAS_UNDEFINED_ACTION_ON	140931
71674	BINDER	127029
87733	INHIBITOR	159182
91894	POSITIVE ALLOSTERIC MODULATOR	92314
79311	ANTAGONIST	128240
63910	AGONIST	75240
103800	HAS_UNDEFINED_ACTION_ON	84011
66154	INHIBITOR	3582
93049	INHIBITOR	30346
91894	POSITIVE ALLOSTERIC MODULATOR	145941
104296	AGONIST	18077
87798	POTENTIATOR	132577
93184	ANTAGONIST	160432
82360	ANTAGONIST	161365
87635	INHIBITOR	120893
104303	INHIBITOR	30346
107939	HAS_UNDEFINED_ACTION_ON	140008
102043	INHIBITOR	128963
99023	HAS_UNDEFINED_ACTION_ON	159022
81169	OTHER/UNKNOWN	160416
104318	ANTAGONIST	138007
85892	INHIBITOR	156741
102077	ANTAGONIST	37951
95472	LIGAND	126772
33027	INHIBITOR	127080
71638	HAS_UNDEFINED_ACTION_ON	37808
85210	ANTAGONIST	114337
48578	ANTAGONIST	69498
74029	POTENTIATOR	44088
110853	OTHER/UNKNOWN	116385
106706	INHIBITOR	96548
66313	INHIBITOR	89705
106663	HAS_UNDEFINED_ACTION_ON	132443
99023	HAS_UNDEFINED_ACTION_ON	157451
67970	ANTAGONIST	158135
91932	HAS_UNDEFINED_ACTION_ON	89890
106699	POSITIVE ALLOSTERIC MODULATOR	114160
106755	INHIBITOR	118340
71632	HAS_UNDEFINED_ACTION_ON	127181
76879	INHIBITOR	155674
86037	HAS_UNDEFINED_ACTION_ON	144490
109193	ANTAGONIST	127029
109192	AGONIST	140876
42479	ANTAGONIST	160432
76963	ANTAGONIST	112361
107988	COFACTOR	37985
96081	HAS_UNDEFINED_ACTION_ON	18285
96032	INHIBITOR	158997
104396	BINDER	110217
54137	HAS_UNDEFINED_ACTION_ON	116377
74011	HAS_UNDEFINED_ACTION_ON	94982
42415	INHIBITOR	147746
66249	HAS_UNDEFINED_ACTION_ON	61273
59822	BINDER	160416
100207	INHIBITOR	78069
110930	POSITIVE ALLOSTERIC MODULATOR	52424
97872	HAS_UNDEFINED_ACTION_ON	69386
42500	POSITIVE ALLOSTERIC MODULATOR	158674
42415	ANTAGONIST	160432
91958	POSITIVE ALLOSTERIC MODULATOR	158674
104296	AGONIST	96572
42479	ANTAGONIST	152623
104318	POTENTIATOR	65297
73964	HAS_UNDEFINED_ACTION_ON	123566
106778	HAS_UNDEFINED_ACTION_ON	152705
74628	HAS_UNDEFINED_ACTION_ON	48609
79311	ANTAGONIST	75240
89473	HAS_UNDEFINED_ACTION_ON	141014
71646	HAS_UNDEFINED_ACTION_ON	126836
32963	HAS_UNDEFINED_ACTION_ON	120674
106741	HAS_UNDEFINED_ACTION_ON	140232
59790	AGONIST	61659
97803	HAS_UNDEFINED_ACTION_ON	135439
83515	ANTAGONIST	83610
82302	HAS_UNDEFINED_ACTION_ON	65057
42494	ANTAGONIST	150352
100210	INHIBITOR	157380
103793	HAS_UNDEFINED_ACTION_ON	44099
69278	ANTAGONIST	157974
98960	INHIBITOR	139830
42500	POSITIVE ALLOSTERIC MODULATOR	89945
91936	HAS_UNDEFINED_ACTION_ON	61155
79361	HAS_UNDEFINED_ACTION_ON	125168
57486	ANTAGONIST	160416
91958	POTENTIATOR	44088
87613	POTENTIATOR	147746
24185	HAS_UNDEFINED_ACTION_ON	141085
66101	HAS_UNDEFINED_ACTION_ON	67475
107899	HAS_UNDEFINED_ACTION_ON	140282
66313	INHIBITOR	153809
95479	ANTAGONIST	132577
107931	INHIBITOR	147541
100178	INHIBITOR	120893
48592	HAS_UNDEFINED_ACTION_ON	120998
76978	HAS_UNDEFINED_ACTION_ON	89776
106826	ANTAGONIST	152623
57457	HAS_UNDEFINED_ACTION_ON	69826
103793	HAS_UNDEFINED_ACTION_ON	114171
89485	AGONIST	150352
90131	HAS_UNDEFINED_ACTION_ON	72446
107913	HAS_UNDEFINED_ACTION_ON	3550
57592	ANTAGONIST	100771
42507	POSITIVE ALLOSTERIC MODULATOR	118161
107883	HAS_UNDEFINED_ACTION_ON	61659
81102	INHIBITOR	30346
104318	POTENTIATOR	116506
106664	ANTAGONIST	158135
93041	HAS_UNDEFINED_ACTION_ON	160303
57437	HAS_UNDEFINED_ACTION_ON	150344
104375	HAS_UNDEFINED_ACTION_ON	157974
74574	HAS_UNDEFINED_ACTION_ON	94505
97819	POSITIVE ALLOSTERIC MODULATOR	65297
69277	INHIBITOR	67475
66197	HAS_UNDEFINED_ACTION_ON	43809
104342	HAS_UNDEFINED_ACTION_ON	57132
100333	INHIBITOR	18553
66306	HAS_UNDEFINED_ACTION_ON	52818
74029	POTENTIATOR	116506
24101	HAS_UNDEFINED_ACTION_ON	72501
89458	HAS_UNDEFINED_ACTION_ON	141276
59879	HAS_UNDEFINED_ACTION_ON	130586
106728	BINDER	30436
71582	ANTAGONIST	30282
106841	OTHER	37911
66313	INHIBITOR	154764
68106	HAS_UNDEFINED_ACTION_ON	87168
104330	HAS_UNDEFINED_ACTION_ON	3429
74554	AGONIST	116506
93164	HAS_UNDEFINED_ACTION_ON	96611
76943	HAS_UNDEFINED_ACTION_ON	154853
97770	POSITIVE ALLOSTERIC MODULATOR	92314
42522	INHIBITOR	72187
79311	ANTAGONIST	114337
107968	AGONIST	75240
76893	POTENTIATOR	145941
33150	HAS_UNDEFINED_ACTION_ON	90002
71596	INHIBITOR	159344
66128	ANTAGONIST	69443
42451	POSITIVE ALLOSTERIC MODULATOR	116506
80984	LIGAND	3545
74560	HAS_UNDEFINED_ACTION_ON	87168
24255	HAS_UNDEFINED_ACTION_ON	126839
73970	HAS_UNDEFINED_ACTION_ON	30291
24098	INHIBITOR	44194
83537	AGONIST	80173
79254	HAS_UNDEFINED_ACTION_ON	118324
91834	HAS_UNDEFINED_ACTION_ON	158803
95479	ANTAGONIST	74886
59938	HAS_UNDEFINED_ACTION_ON	160024
59889	AGONIST	138007
78120	POSITIVE ALLOSTERIC MODULATOR	142526
59989	INHIBITOR	37911
87794	INHIBITOR	61377
93041	HAS_UNDEFINED_ACTION_ON	159285
97770	POSITIVE ALLOSTERIC MODULATOR	74886
59889	AGONIST	154579
24070	ANTAGONIST	128240
66287	HAS_UNDEFINED_ACTION_ON	37927
83523	POSITIVE ALLOSTERIC MODULATOR	52424
109192	CLEAVAGE	158071
87830	HAS_UNDEFINED_ACTION_ON	135621
73840	HAS_UNDEFINED_ACTION_ON	92798
106781	HAS_UNDEFINED_ACTION_ON	158803
106706	OTHER	125288
62151	POSITIVE ALLOSTERIC MODULATOR	89945
73862	AGONIST	37951
97803	HAS_UNDEFINED_ACTION_ON	67404
24098	INHIBITOR	117985
69193	INDUCER	141109
82416	HAS_UNDEFINED_ACTION_ON	114611
104437	HAS_UNDEFINED_ACTION_ON	154740
69163	INHIBITOR	61443
79254	COFACTOR	106185
42514	HAS_UNDEFINED_ACTION_ON	98289
91840	HAS_UNDEFINED_ACTION_ON	159796
91816	ANTAGONIST	160432
33141	HAS_UNDEFINED_ACTION_ON	160988
100198	HAS_UNDEFINED_ACTION_ON	158803
57549	HAS_UNDEFINED_ACTION_ON	89865
66235	HAS_UNDEFINED_ACTION_ON	127894
78112	AGONIST	61659
42451	POSITIVE ALLOSTERIC MODULATOR	30475
54084	HAS_UNDEFINED_ACTION_ON	77628
106781	HAS_UNDEFINED_ACTION_ON	140282
66313	INHIBITOR	3759
74518	INHIBITOR	18553
79212	ANTAGONIST	150607
81126	INHIBITOR	150407
24220	HAS_UNDEFINED_ACTION_ON	98619
89458	HAS_UNDEFINED_ACTION_ON	137606
98966	HAS_UNDEFINED_ACTION_ON	159285
66236	AGONIST	160432
74572	HAS_UNDEFINED_ACTION_ON	98619
48592	HAS_UNDEFINED_ACTION_ON	157805
67930	INHIBITOR	87272
83523	POSITIVE ALLOSTERIC MODULATOR	145941
74596	INHIBITOR	130586
48570	HAS_UNDEFINED_ACTION_ON	146110
81116	HAS_UNDEFINED_ACTION_ON	78004
48592	HAS_UNDEFINED_ACTION_ON	140893
81140	INHIBITOR	89776
66313	INHIBITOR	116636
54201	POSITIVE ALLOSTERIC MODULATOR	44088
109171	POSITIVE ALLOSTERIC MODULATOR	65297
67902	INHIBITOR	116491
79416	HAS_UNDEFINED_ACTION_ON	86861
93119	ANTAGONIST	142696
68100	HAS_UNDEFINED_ACTION_ON	158250
76939	HAS_UNDEFINED_ACTION_ON	52900
90165	ANTAGONIST	159740
42557	OTHER/UNKNOWN	92748
85892	NEGATIVE MODULATOR	125503
110930	POSITIVE ALLOSTERIC MODULATOR	142526
66145	HAS_UNDEFINED_ACTION_ON	96572
82304	PARTIAL AGONIST	154579
106780	ANTAGONIST	158489
57489	HAS_UNDEFINED_ACTION_ON	72525
57506	ANTAGONIST;INHIBITOR	56786
66313	INHIBITOR	100749
74600	AGONIST	94505
79335	HAS_UNDEFINED_ACTION_ON	159531
104479	HAS_UNDEFINED_ACTION_ON	129399
24196	POSITIVE ALLOSTERIC MODULATOR	89945
66197	HAS_UNDEFINED_ACTION_ON	158354
48592	HAS_UNDEFINED_ACTION_ON	67498
24219	HAS_UNDEFINED_ACTION_ON	83963
79315	HAS_UNDEFINED_ACTION_ON	130709
103757	ANTAGONIST	160488
54147	HAS_UNDEFINED_ACTION_ON	92787
57518	HAS_UNDEFINED_ACTION_ON	30483
100200	POTENTIATOR	142526
74658	ANTAGONIST	69826
83529	BLOCKER	158997
59851	HAS_UNDEFINED_ACTION_ON	135519
74595	AGONIST;POSITIVE ALLOSTERIC MODULATOR	52424
66313	INHIBITOR	127781
93204	ANTAGONIST	74886
73914	INHIBITOR	117985
57450	ANTAGONIST	69826
73970	HAS_UNDEFINED_ACTION_ON	158669
69232	HAS_UNDEFINED_ACTION_ON	18053
107903	COFACTOR	126718
93170	POTENTIATOR	94795
24070	ANTAGONIST	158135
106857	HAS_UNDEFINED_ACTION_ON	43737
102092	INHIBITOR	67475
54117	POSITIVE ALLOSTERIC MODULATOR	44088
103778	POTENTIATOR	61485
109133	INHIBITOR	49093
83005	HAS_UNDEFINED_ACTION_ON	98581
110962	BINDING	160024
74644	AGONIST	100771
104389	INHIBITOR	61377
24175	HAS_UNDEFINED_ACTION_ON	137986
69277	INHIBITOR	144416
87733	INHIBITOR	80099
107917	ANTAGONIST	137597
81169	ANTAGONIST	69826
109173	HAS_UNDEFINED_ACTION_ON	72351
93120	ANTAGONIST	130771
63908	HAS_UNDEFINED_ACTION_ON	67492
87662	REGULATOR	157677
59964	PARTIAL AGONIST	158489
107960	INHIBITOR	109864
106848	HAS_UNDEFINED_ACTION_ON	156741
48592	HAS_UNDEFINED_ACTION_ON	125087
104437	HAS_UNDEFINED_ACTION_ON	67186
102063	HAS_UNDEFINED_ACTION_ON	147910
54147	HAS_UNDEFINED_ACTION_ON	37847
62151	POSITIVE ALLOSTERIC MODULATOR	116506
110948	INHIBITOR	138113
100340	AGONIST	83883
76876	ANTAGONIST;INHIBITOR	49093
82250	HAS_UNDEFINED_ACTION_ON	154853
48592	HAS_UNDEFINED_ACTION_ON	129317
82275	INHIBITOR	98630
93085	ANTAGONIST	148929
87776	POTENTIATOR	92314
69292	POTENTIATOR	74886
82994	HAS_UNDEFINED_ACTION_ON	57260
32968	HAS_UNDEFINED_ACTION_ON	141339
66313	INHIBITOR	160939
57486	ANTAGONIST;PARTIAL AGONIST	112361
100178	INHIBITOR	75081
89478	NEGATIVE MODULATOR	130586
66235	HAS_UNDEFINED_ACTION_ON	43879
93148	HAS_UNDEFINED_ACTION_ON	157119
91947	HAS_UNDEFINED_ACTION_ON	138113
108654	ANTAGONIST	135664
33055	BINDER	130771
87651	HAS_UNDEFINED_ACTION_ON	72573
69164	ANTAGONIST	159764
69164	POSITIVE ALLOSTERIC MODULATOR	147746
32990	HAS_UNDEFINED_ACTION_ON	116377
99048	HAS_UNDEFINED_ACTION_ON	127950
81169	ANTAGONIST	114337
54124	INHIBITOR	94957
79311	ANTAGONIST	37951
110903	HAS_UNDEFINED_ACTION_ON	116461
89473	HAS_UNDEFINED_ACTION_ON	160844
59876	OTHER/UNKNOWN	128240
106664	ANTAGONIST	161365
93170	POTENTIATOR	44088
48558	HAS_UNDEFINED_ACTION_ON	100910
100172	INHIBITOR	30346
62212	HAS_UNDEFINED_ACTION_ON	147494
93148	HAS_UNDEFINED_ACTION_ON	94948
73887	INHIBITOR	30298
33026	HAS_UNDEFINED_ACTION_ON	87053
63916	AGONIST	37822
69292	POTENTIATOR	132577
100175	HAS_UNDEFINED_ACTION_ON	157167
24119	POSITIVE ALLOSTERIC MODULATOR	132577
87695	INDUCER	160297
104435	HAS_UNDEFINED_ACTION_ON	75249
74010	HAS_UNDEFINED_ACTION_ON	3550
86019	HAS_UNDEFINED_ACTION_ON	106378
62151	POTENTIATOR	89945
106635	INHIBITOR	127029
98963	INHIBITOR	75081
66256	HAS_UNDEFINED_ACTION_ON	83985
96068	INHIBITOR	112055
24162	INHIBITOR	158321
59974	POSITIVE ALLOSTERIC MODULATOR	158674
42530	HAS_UNDEFINED_ACTION_ON	94886
91900	INHIBITOR	155054
71536	HAS_UNDEFINED_ACTION_ON	161438
79364	HAS_UNDEFINED_ACTION_ON	127950
54152	NEGATIVE MODULATOR	52424
76921	HAS_UNDEFINED_ACTION_ON	159285
104375	INHIBITOR	154853
48052	HAS_UNDEFINED_ACTION_ON	18333
95444	HAS_UNDEFINED_ACTION_ON	61659
102077	ANTAGONIST	157622
24196	POSITIVE ALLOSTERIC MODULATOR	147746
104430	PRODUCT OF	94819
24255	HAS_UNDEFINED_ACTION_ON	154886
59822	BINDER	120682
97847	ANTAGONIST	138007
95397	HAS_UNDEFINED_ACTION_ON	161164
42373	SUPPRESSOR	3735
59783	AGONIST	48794
100384	ANTAGONIST	128240
73970	HAS_UNDEFINED_ACTION_ON	86814
95354	HAS_UNDEFINED_ACTION_ON	3550
66313	INHIBITOR	18271
93216	HAS_UNDEFINED_ACTION_ON	144304
57486	ANTAGONIST	127029
79325	INHIBITOR	18553
78095	INHIBITOR	72229
54151	INHIBITOR	130586
93056	POTENTIATOR	116506
100242	HAS_UNDEFINED_ACTION_ON	61377
106635	INHIBITOR	52424
87613	POTENTIATOR	30475
42373	UNKNOWN	154525
82431	OTHER/UNKNOWN	48794
73840	HAS_UNDEFINED_ACTION_ON	116461
70944	ANTAGONIST	157974
95366	HAS_UNDEFINED_ACTION_ON	94556
109133	INHIBITOR	157403
59875	INHIBITOR	94948
81140	ALLOSTERIC MODULATOR	96378
33026	HAS_UNDEFINED_ACTION_ON	98289
107989	INHIBITOR	89776
93007	AGONIST	161365
68001	ANTAGONIST	128240
32980	HAS_UNDEFINED_ACTION_ON	159076
69313	AGONIST	48794
81140	ALLOSTERIC MODULATOR	156717
42479	ANTAGONIST	100771
97840	INHIBITOR	156967
97847	POTENTIATOR	30475
82239	AGONIST	61659
83516	INHIBITOR	158859
33031	HAS_UNDEFINED_ACTION_ON	75249
81179	ANTAGONIST	106378
71596	INHIBITOR	159539
81204	ANTAGONIST	114337
54082	ANTAGONIST	161365
91748	HAS_UNDEFINED_ACTION_ON	116427
66285	HAS_UNDEFINED_ACTION_ON	130555
79361	HAS_UNDEFINED_ACTION_ON	69681
69228	HAS_UNDEFINED_ACTION_ON	158739
87684	POSITIVE ALLOSTERIC MODULATOR	147746
110911	LIGAND	78003
54201	POSITIVE ALLOSTERIC MODULATOR	89945
108057	HAS_UNDEFINED_ACTION_ON	159028
95477	HAS_UNDEFINED_ACTION_ON	159952
95515	ANTAGONIST	30282
74595	AGONIST;POSITIVE ALLOSTERIC MODULATOR	94795
24219	HAS_UNDEFINED_ACTION_ON	154772
87613	POSITIVE ALLOSTERIC MODULATOR	116506
107914	HAS_UNDEFINED_ACTION_ON	61152
91797	HAS_UNDEFINED_ACTION_ON	156766
107925	POSITIVE ALLOSTERIC MODULATOR	94795
66142	INHIBITOR	30306
93064	HAS_UNDEFINED_ACTION_ON	75249
66207	ANTAGONIST	69826
103772	INHIBITOR	87142
87613	POTENTIATOR	106163
97770	POSITIVE ALLOSTERIC MODULATOR	94795
62151	POSITIVE ALLOSTERIC MODULATOR	114160
57472	INHIBITOR	125503
66313	INHIBITOR	121100
67925	HAS_UNDEFINED_ACTION_ON	146064
97890	INHIBITOR	141109
93148	HAS_UNDEFINED_ACTION_ON	159764
106699	POSITIVE ALLOSTERIC MODULATOR	147746
96089	PARTIAL AGONIST	132241
82409	INDUCER	56971
74726	HAS_UNDEFINED_ACTION_ON	144295
74560	HAS_UNDEFINED_ACTION_ON	109848
54164	INHIBITOR	30346
33110	HAS_UNDEFINED_ACTION_ON	112468
89478	INHIBITOR	156741
107931	INHIBITOR	144287
62179	ANTAGONIST	116385
73970	HAS_UNDEFINED_ACTION_ON	98547
42493	INHIBITOR	3791
71674	INHIBITOR	130586
91900	HAS_UNDEFINED_ACTION_ON	141014
95392	INHIBITOR	52603
73970	HAS_UNDEFINED_ACTION_ON	144334
93088	INHIBITOR	156741
103771	ANTAGONIST	106378
79326	HAS_UNDEFINED_ACTION_ON	135494
104520	HAS_UNDEFINED_ACTION_ON	3550
87662	REGULATOR	84058
74704	INHIBITOR	120763
68034	HAS_UNDEFINED_ACTION_ON	3641
110884	INHIBITOR	52603
95479	ANTAGONIST	118161
54159	POSITIVE ALLOSTERIC MODULATOR	30475
73936	ANTAGONIST	160617
81169	ANTAGONIST	161365
89458	HAS_UNDEFINED_ACTION_ON	30211
103808	POSITIVE ALLOSTERIC MODULATOR	145941
106763	INHIBITOR	114138
69257	POTENTIATOR	118161
106635	INHIBITOR	152827
59975	INHIBITOR	116354
106826	ANTAGONIST	114337
81112	POSITIVE ALLOSTERIC MODULATOR	94795
82274	INHIBITOR	87142
79218	INHIBITOR	61443
59939	INHIBITOR	114154
110839	HAS_UNDEFINED_ACTION_ON	159951
93090	HAS_UNDEFINED_ACTION_ON	159952
107968	AGONIST	158135
63903	POTENTIATOR	94795
109171	POSITIVE ALLOSTERIC MODULATOR	158674
74575	ANTAGONIST	128240
96075	ANTAGONIST	18293
66313	INHIBITOR	140971
24169	OTHER/UNKNOWN	111999
42507	POSITIVE ALLOSTERIC MODULATOR	65297
24203	HAS_UNDEFINED_ACTION_ON	56962
87747	ANTAGONIST	128240
104472	ANTAGONIST	157911
81098	ANTAGONIST	116385
73970	HAS_UNDEFINED_ACTION_ON	152872
95395	ANTAGONIST	30282
96095	AGONIST	130964
95537	AGONIST	77691
106805	INHIBITOR	158876
85885	HAS_UNDEFINED_ACTION_ON	80059
78127	ANTAGONIST	159653
85310	INHIBITOR	125503
63903	POTENTIATOR	116506
59783	ANTAGONIST	109839
93148	HAS_UNDEFINED_ACTION_ON	18489
24119	POTENTIATOR	116506
24147	BINDER	158489
69185	BINDER	52795
93148	HAS_UNDEFINED_ACTION_ON	92314
98917	AGONIST	44088
87811	HAS_UNDEFINED_ACTION_ON	147596
67930	INHIBITOR	65289
69271	POSITIVE ALLOSTERIC MODULATOR	147746
106635	INHIBITOR	90002
42465	COFACTOR	69491
108016	HAS_UNDEFINED_ACTION_ON	129311
82304	PARTIAL AGONIST	159052
42465	COFACTOR	154928
107930	HAS_UNDEFINED_ACTION_ON	129175
67973	INHIBITOR	65403
91816	BINDER	142687
108067	HAS_UNDEFINED_ACTION_ON	75224
109193	ANTAGONIST	30282
42465	COFACTOR	89865
66313	INHIBITOR	61184
79416	HAS_UNDEFINED_ACTION_ON	137662
100179	POTENTIATOR	30475
24147	INHIBITOR	156741
76941	HAS_UNDEFINED_ACTION_ON	69802
93170	POTENTIATOR	145941
95472	LIGAND	64986
110926	AGONIST	72525
108654	ANTAGONIST	152553
108081	AGONIST	69802
110930	POSITIVE ALLOSTERIC MODULATOR	132577
59938	HAS_UNDEFINED_ACTION_ON	130771
71596	INHIBITOR	83610
32968	HAS_UNDEFINED_ACTION_ON	146039
71610	AGONIST	152553
81169	ANTAGONIST	152623
106664	ANTAGONIST	158489
106727	COFACTOR	98606
91934	HAS_UNDEFINED_ACTION_ON	96525
80993	HAS_UNDEFINED_ACTION_ON	65265
42511	HAS_UNDEFINED_ACTION_ON	156926
87642	INHIBITOR	161352
57475	HAS_UNDEFINED_ACTION_ON	130972
79375	ANTAGONIST	150352
59974	AGONIST	158135
87613	POSITIVE ALLOSTERIC MODULATOR	145941
81126	INHIBITOR	160617
85225	INHIBITOR	127077
85983	INHIBITOR	126789
79254	COFACTOR	123816
63935	HAS_UNDEFINED_ACTION_ON	130908
104479	INHIBITOR	148670
74596	AGONIST	158489
104332	POSITIVE ALLOSTERIC MODULATOR	92314
78084	UNKNOWN	158135
103802	HAS_UNDEFINED_ACTION_ON	100540
110860	INHIBITOR	67475
92996	INHIBITOR	158127
24056	HAS_UNDEFINED_ACTION_ON	52764
74652	HAS_UNDEFINED_ACTION_ON	135519
42479	ANTAGONIST	48794
91941	HAS_UNDEFINED_ACTION_ON	160858
74524	AGONIST	150229
106778	HAS_UNDEFINED_ACTION_ON	98556
104418	HAS_UNDEFINED_ACTION_ON	121197
66313	INHIBITOR	112018
93007	AGONIST	106378
57624	AGONIST	69826
57450	ANTAGONIST	161365
91929	BINDER	132241
68029	POSITIVE ALLOSTERIC MODULATOR	52424
104509	ANTAGONIST	158489
85962	AGONIST	157974
91958	POSITIVE ALLOSTERIC MODULATOR	145941
66193	INHIBITOR	43823
66123	HAS_UNDEFINED_ACTION_ON	69763
87645	HAS_UNDEFINED_ACTION_ON	144287
103808	POSITIVE ALLOSTERIC MODULATOR	74886
100348	HAS_UNDEFINED_ACTION_ON	128240
95515	ANTAGONIST	114337
90113	HAS_UNDEFINED_ACTION_ON	78077
42452	HAS_UNDEFINED_ACTION_ON	98619
73893	HAS_UNDEFINED_ACTION_ON	129100
81169	ANTAGONIST	128240
70972	INHIBITOR	89760
69292	POTENTIATOR	52424
71553	INHIBITOR	80179
66249	HAS_UNDEFINED_ACTION_ON	141276
69249	POSITIVE ALLOSTERIC MODULATOR	147746
74644	HAS_UNDEFINED_ACTION_ON	150352
59917	INHIBITOR	125288
103778	INHIBITOR	141257
66313	INHIBITOR	138073
100200	POTENTIATOR	89945
95472	LIGAND	148987
87684	POSITIVE ALLOSTERIC MODULATOR	74886
100343	HAS_UNDEFINED_ACTION_ON	128925
106706	ANTAGONIST	160617
69298	HAS_UNDEFINED_ACTION_ON	112098
42394	ANTAGONIST	160617
63917	INHIBITOR	83553
76943	OTHER/UNKNOWN	100771
107960	INHIBITOR	48795
85976	AGONIST	65458
66313	INHIBITOR	114324
86011	CHAPERONE	86984
66249	HAS_UNDEFINED_ACTION_ON	157718
93041	HAS_UNDEFINED_ACTION_ON	94505
66313	INHIBITOR	121062
91831	ANTAGONIST;AGONIST	37951
107968	AGONIST	160617
90177	HAS_UNDEFINED_ACTION_ON	92642
73970	HAS_UNDEFINED_ACTION_ON	69469
73926	AGONIST	129100
85225	INHIBITOR	30346
91901	ANTAGONIST	132241
48052	HAS_UNDEFINED_ACTION_ON	159764
110969	HAS_UNDEFINED_ACTION_ON	160432
67906	HAS_UNDEFINED_ACTION_ON	83664
85954	AGONIST;ACTIVATOR	77691
91894	POSITIVE ALLOSTERIC MODULATOR	30475
91907	INHIBITOR	61363
106708	HAS_UNDEFINED_ACTION_ON	137952
85854	HAS_UNDEFINED_ACTION_ON	75224
54102	INHIBITOR	158127
71639	MULTITARGET	161438
90158	ANTAGONIST	114337
68054	INHIBITOR	132641
67884	HAS_UNDEFINED_ACTION_ON	132426
76931	HAS_UNDEFINED_ACTION_ON	155972
87726	HAS_UNDEFINED_ACTION_ON	135516
69181	HAS_UNDEFINED_ACTION_ON	154711
79345	ANTAGONIST	52932
107903	ACTIVATOR	152795
87662	HAS_UNDEFINED_ACTION_ON	140931
79211	AGONIST	150352
91745	HAS_UNDEFINED_ACTION_ON	67404
32971	HAS_UNDEFINED_ACTION_ON	137743
73970	HAS_UNDEFINED_ACTION_ON	3397
95452	POSITIVE ALLOSTERIC MODULATOR	142526
87636	HAS_UNDEFINED_ACTION_ON	83601
106765	HAS_UNDEFINED_ACTION_ON	152440
66313	INHIBITOR	52416
100319	HAS_UNDEFINED_ACTION_ON	96363
106817	HAS_UNDEFINED_ACTION_ON	155972
79364	HAS_UNDEFINED_ACTION_ON	3630
79307	HAS_UNDEFINED_ACTION_ON	3550
98956	HAS_UNDEFINED_ACTION_ON	86836
74596	PARTIAL AGONIST	157974
24176	INHIBITOR	65355
109173	HAS_UNDEFINED_ACTION_ON	116466
67952	INHIBITOR	30346
100340	AGONIST	130709
91958	POTENTIATOR	89945
66207	AGONIST	114444
102071	INHIBITOR	52932
66249	HAS_UNDEFINED_ACTION_ON	3535
81099	HAS_UNDEFINED_ACTION_ON	130779
69249	POSITIVE ALLOSTERIC MODULATOR	116506
71596	INHIBITOR	153655
76875	HAS_UNDEFINED_ACTION_ON	154893
78081	INHIBITOR	154853
103764	AGONIST	129003
95502	HAS_UNDEFINED_ACTION_ON	96233
95381	HAS_UNDEFINED_ACTION_ON	89882
91958	POTENTIATOR	92314
66313	INHIBITOR	89567
79324	ANTAGONIST	110217
74621	ANTAGONIST	127029
85968	ACTIVATOR	83738
67970	ANTAGONIST	130771
85260	ANTAGONIST	158489
100370	HAS_UNDEFINED_ACTION_ON	75240
104389	INHIBITOR	77987
99126	HAS_UNDEFINED_ACTION_ON	87230
104427	HAS_UNDEFINED_ACTION_ON	72107
106847	ANTAGONIST	159285
62179	ANTAGONIST	100843
66101	HAS_UNDEFINED_ACTION_ON	157911
99107	ANTAGONIST	158859
109158	ANTAGONIST	154933
69164	POSITIVE ALLOSTERIC MODULATOR	94795
104332	POSITIVE ALLOSTERIC MODULATOR	44088
108654	ANTAGONIST	106378
93105	ANTAGONIST	152553
81169	ANTAGONIST	160617
54147	HAS_UNDEFINED_ACTION_ON	57132
79212	ANTAGONIST	157622
93148	HAS_UNDEFINED_ACTION_ON	96244
91816	INHIBITOR	112361
59988	HAS_UNDEFINED_ACTION_ON	158071
109173	HAS_UNDEFINED_ACTION_ON	153509
97819	POTENTIATOR	116506
103771	ANTAGONIST	69498
100226	HAS_UNDEFINED_ACTION_ON	159952
92992	AGONIST	44018
79197	HAS_UNDEFINED_ACTION_ON	18053
74726	HAS_UNDEFINED_ACTION_ON	147754
69214	ANTAGONIST	138007
54117	POTENTIATOR	74886
42415	INHIBITOR	132577
91816	BINDER	160617
66313	INHIBITOR	105979
67889	INHIBITOR	160641
82349	HAS_UNDEFINED_ACTION_ON	135621
87649	POSITIVE ALLOSTERIC MODULATOR	114160
67951	INHIBITOR	94851
104398	HAS_UNDEFINED_ACTION_ON	125191
97819	POTENTIATOR	65297
106843	HAS_UNDEFINED_ACTION_ON	153484
73850	OXIDIZER	92642
73914	INHIBITOR	148929
102035	HAS_UNDEFINED_ACTION_ON	140089
76910	HAS_UNDEFINED_ACTION_ON	94956
32968	HAS_UNDEFINED_ACTION_ON	158772
76921	HAS_UNDEFINED_ACTION_ON	160303
109129	INHIBITOR	147931
95377	HAS_UNDEFINED_ACTION_ON	48795
24070	ANTAGONIST	160617
69181	HAS_UNDEFINED_ACTION_ON	112364
66313	INHIBITOR	77818
66249	HAS_UNDEFINED_ACTION_ON	146103
86042	HAS_UNDEFINED_ACTION_ON	44040
74644	ACTIVATOR	154701
102059	HAS_UNDEFINED_ACTION_ON	132641
99091	POTENTIATOR	61485
63963	HAS_UNDEFINED_ACTION_ON	146319
102064	ANTAGONIST	157974
104498	HAS_UNDEFINED_ACTION_ON	77987
74524	LIGAND	49020
68047	HAS_UNDEFINED_ACTION_ON	61659
97751	INHIBITOR	75081
100178	INHIBITOR	156775
93070	CHAPERONE	49020
93148	HAS_UNDEFINED_ACTION_ON	139814
24255	HAS_UNDEFINED_ACTION_ON	146314
110838	OTHER/UNKNOWN	158135
106836	HAS_UNDEFINED_ACTION_ON	158876
66313	INHIBITOR	128940
104317	HAS_UNDEFINED_ACTION_ON	80236
62151	POSITIVE ALLOSTERIC MODULATOR	74886
104472	ANTAGONIST	148929
79314	HAS_UNDEFINED_ACTION_ON	158057
24226	HAS_UNDEFINED_ACTION_ON	150253
91816	INHIBITOR;BINDER	146134
59974	POSITIVE ALLOSTERIC MODULATOR	94795
79345	AGONIST	160617
102006	HAS_UNDEFINED_ACTION_ON	69580
93030	HAS_UNDEFINED_ACTION_ON	135945
79402	INHIBITOR	126836
109171	POSITIVE ALLOSTERIC MODULATOR	118161
42479	ANTAGONIST	161365
106635	INHIBITOR	94489
85195	HAS_UNDEFINED_ACTION_ON	96347
85210	ANTAGONIST	30282
76943	HAS_UNDEFINED_ACTION_ON	18561
32991	ANTAGONIST	160617
110884	INHIBITOR	123552
100217	HAS_UNDEFINED_ACTION_ON	157613
24266	HAS_UNDEFINED_ACTION_ON	61659
100348	ANTAGONIST	159740
42486	BINDER	147853
24041	ANTAGONIST	94489
104501	LIGAND	44088
106664	ANTAGONIST	100771
93085	ANTAGONIST	67475
104367	BINDER	158135
67930	INHIBITOR	146015
74651	INHIBITOR	153816
100198	HAS_UNDEFINED_ACTION_ON	65041
87821	HAS_UNDEFINED_ACTION_ON	157719
63895	INHIBITOR	161286
57636	HAS_UNDEFINED_ACTION_ON	78011
110884	INHIBITOR	80082
74628	INHIBITOR	110177
110838	INHIBITOR	125503
85891	POTENTIATOR	44088
81055	HAS_UNDEFINED_ACTION_ON	65091
104332	POSITIVE ALLOSTERIC MODULATOR	114160
87681	HAS_UNDEFINED_ACTION_ON	127950
67945	ANTAGONIST	160432
73970	HAS_UNDEFINED_ACTION_ON	98289
91925	HAS_UNDEFINED_ACTION_ON	92629
74029	POTENTIATOR	132404
69320	INHIBITOR	148824
57486	ANTAGONIST;PARTIAL AGONIST	158489
110893	HAS_UNDEFINED_ACTION_ON	61659
57564	INHIBITOR	30346
62151	POSITIVE ALLOSTERIC MODULATOR	142526
42571	INHIBITOR	94948
79361	HAS_UNDEFINED_ACTION_ON	110033
73970	HAS_UNDEFINED_ACTION_ON	161196
91797	HAS_UNDEFINED_ACTION_ON	110194
66218	INHIBITOR	130586
69298	HAS_UNDEFINED_ACTION_ON	148971
104321	HAS_UNDEFINED_ACTION_ON	140200
33055	BINDER	160432
24161	HAS_UNDEFINED_ACTION_ON	83985
62144	INHIBITOR	128963
99005	HAS_UNDEFINED_ACTION_ON	98798
32980	HAS_UNDEFINED_ACTION_ON	159764
87684	POSITIVE ALLOSTERIC MODULATOR	158674
71596	HAS_UNDEFINED_ACTION_ON	157677
57507	INHIBITOR	120812
57450	ANTAGONIST	30282
62169	HAS_UNDEFINED_ACTION_ON	146241
91965	POTENTIATOR	92314
103750	HAS_UNDEFINED_ACTION_ON	158489
103785	INHIBITOR	77932
33012	POSITIVE ALLOSTERIC MODULATOR	92314
74644	HAS_UNDEFINED_ACTION_ON	94618
100178	INHIBITOR	120875
73970	HAS_UNDEFINED_ACTION_ON	156155
74600	AGONIST	18502
71632	HAS_UNDEFINED_ACTION_ON	52884
73970	HAS_UNDEFINED_ACTION_ON	100618
79417	INHIBITOR	130908
91958	POSITIVE ALLOSTERIC MODULATOR	92314
42507	POSITIVE ALLOSTERIC MODULATOR	92314
91929	AGONIST	132450
76939	HAS_UNDEFINED_ACTION_ON	138081
85253	INHIBITOR	18553
107924	INHIBITOR	72229
100213	HAS_UNDEFINED_ACTION_ON	157565
73970	HAS_UNDEFINED_ACTION_ON	152768
92999	HAS_UNDEFINED_ACTION_ON	92562
24147	AGONIST	52925
107995	HAS_UNDEFINED_ACTION_ON	158973
33076	INHIBITOR	65453
95494	OTHER/UNKNOWN	156990
91816	ANTAGONIST	69498
42415	ANTAGONIST	129134
98966	HAS_UNDEFINED_ACTION_ON	94505
85891	POSITIVE ALLOSTERIC MODULATOR	44088
85983	ANTAGONIST	159764
82416	HAS_UNDEFINED_ACTION_ON	44056
110838	BINDER	114444
87677	AGONIST	61659
81077	BINDER	146134
89503	INHIBITOR	158859
79361	HAS_UNDEFINED_ACTION_ON	61345
91840	HAS_UNDEFINED_ACTION_ON	135494
102092	INHIBITOR	144416
48558	ANTAGONIST	92314
74542	HAS_UNDEFINED_ACTION_ON	78003
62215	BINDER	146134
59869	HAS_UNDEFINED_ACTION_ON	144198
99116	INHIBITOR	18553
83511	HAS_UNDEFINED_ACTION_ON	77901
82353	AGONIST	159877
86042	HAS_UNDEFINED_ACTION_ON	116354
106663	HAS_UNDEFINED_ACTION_ON	94811
91925	HAS_UNDEFINED_ACTION_ON	98619
74727	HAS_UNDEFINED_ACTION_ON	69826
79416	HAS_UNDEFINED_ACTION_ON	158884
62169	HAS_UNDEFINED_ACTION_ON	150374
91939	HAS_UNDEFINED_ACTION_ON	65289
106664	HAS_UNDEFINED_ACTION_ON	159392
99038	OTHER	106340
108654	ANTAGONIST	109839
66313	INHIBITOR	147733
68016	INHIBITOR	156775
42414	HAS_UNDEFINED_ACTION_ON	65379
97829	AGONIST	114444
66145	HAS_UNDEFINED_ACTION_ON	18077
85260	ANTAGONIST	106378
73943	HAS_UNDEFINED_ACTION_ON	77754
81140	ALLOSTERIC MODULATOR	159740
87733	INHIBITOR	96548
100270	ANTIBODY	3656
71596	INHIBITOR	144490
82232	PRODUCT OF	57260
76935	INHIBITOR	120893
86011	CHAPERONE	137975
24056	HAS_UNDEFINED_ACTION_ON	145887
97829	AGONIST	157974
42494	HAS_UNDEFINED_ACTION_ON	150422
106699	POSITIVE ALLOSTERIC MODULATOR	94795
109158	ANTAGONIST	138007
24119	ANTAGONIST	154933
103750	HAS_UNDEFINED_ACTION_ON	161365
63949	ANTAGONIST	106378
66287	HAS_UNDEFINED_ACTION_ON	118354
106663	HAS_UNDEFINED_ACTION_ON	117976
95452	POSITIVE ALLOSTERIC MODULATOR	116506
85863	INHIBITOR	158876
81055	HAS_UNDEFINED_ACTION_ON	130949
100178	INHIBITOR	147947
81056	INDUCER	118260
93204	ANTAGONIST	65297
42414	HAS_UNDEFINED_ACTION_ON	126749
73970	HAS_UNDEFINED_ACTION_ON	123488
93184	ANTAGONIST	109839
57641	INHIBITOR	156960
93007	AGONIST	112361
89421	OTHER	92621
89491	COFACTOR	98606
66249	HAS_UNDEFINED_ACTION_ON	44099
82352	ANTAGONIST	30346
59910	INHIBITOR	158859
86015	HAS_UNDEFINED_ACTION_ON	148890
97812	INHIBITOR	157974
79361	HAS_UNDEFINED_ACTION_ON	125232
106759	HAS_UNDEFINED_ACTION_ON	156733
66313	INHIBITOR	102500
79279	HAS_UNDEFINED_ACTION_ON	94886
48056	INHIBITOR	158127
73972	INHIBITOR	156741
102035	HAS_UNDEFINED_ACTION_ON	65283
24247	INHIBITOR	125288
33026	HAS_UNDEFINED_ACTION_ON	80009
69181	HAS_UNDEFINED_ACTION_ON	75034
99143	INHIBITOR	147931
85830	HAS_UNDEFINED_ACTION_ON	74920
110911	ACTIVATOR	96572
102035	HAS_UNDEFINED_ACTION_ON	120965
89473	HAS_UNDEFINED_ACTION_ON	155972
99045	INHIBITOR	130586
91958	POSITIVE ALLOSTERIC MODULATOR	52424
54201	POSITIVE ALLOSTERIC MODULATOR	114160
97803	HAS_UNDEFINED_ACTION_ON	125528
86015	HAS_UNDEFINED_ACTION_ON	96509
100199	AGONIST	130771
91784	INHIBITOR	69355
76935	INHIBITOR	112281
66243	ANTAGONIST	30282
24048	ANTAGONIST	100771
33069	INHIBITOR	114138
82260	HAS_UNDEFINED_ACTION_ON	3342
107953	INHIBITOR	127080
73973	HAS_UNDEFINED_ACTION_ON	84011
66287	HAS_UNDEFINED_ACTION_ON	43719
110842	STIMULATOR	100618
100198	HAS_UNDEFINED_ACTION_ON	123825
62181	HAS_UNDEFINED_ACTION_ON	141127
93113	ANTAGONIST	106378
63949	ANTAGONIST	48794
80984	LIGAND	152795
74726	HAS_UNDEFINED_ACTION_ON	153679
69298	HAS_UNDEFINED_ACTION_ON	65057
91932	HAS_UNDEFINED_ACTION_ON	128024
83515	ANTAGONIST	152827
104491	HAS_UNDEFINED_ACTION_ON	90002
76985	AGONIST	160432
93179	HAS_UNDEFINED_ACTION_ON	65106
100354	HAS_UNDEFINED_ACTION_ON	118346
74015	HAS_UNDEFINED_ACTION_ON	150456
91894	POTENTIATOR	52424
91958	POTENTIATOR	52424
93170	POTENTIATOR	148785
48558	ANTAGONIST	118161
93148	HAS_UNDEFINED_ACTION_ON	147746
32991	ANTAGONIST	130771
80995	HAS_UNDEFINED_ACTION_ON	156741
85302	HAS_UNDEFINED_ACTION_ON	65033
69142	INHIBITOR	83553
70441	AGONIST	61659
33020	ANTAGONIST	150352
95367	AGONIST	161365
74649	INHIBITOR	147931
85260	BINDER	114160
66197	HAS_UNDEFINED_ACTION_ON	158643
68015	HAS_UNDEFINED_ACTION_ON	78003
109133	INHIBITOR	61443
42415	INHIBITOR	89945
97819	POTENTIATOR	132404
59839	PRODUCT OF	154590
91806	HAS_UNDEFINED_ACTION_ON	152623
106635	INHIBITOR	145941
95537	HAS_UNDEFINED_ACTION_ON	100733
69150	ANTAGONIST	160617
68012	HAS_UNDEFINED_ACTION_ON	159020
91831	ANTAGONIST;AGONIST	114444
74029	POTENTIATOR	74886
80993	HAS_UNDEFINED_ACTION_ON	120780
79314	HAS_UNDEFINED_ACTION_ON	69748
